,Kanji,Word,Meaning
0,卯,う,ปีเถาะ (ใน 12 นักษัตร)
1,憂い,うい,"ไม่มีความสุข,เศร้า"
2,初産,ういざん,ท้องแรก
3,浮いた,ういた,"คึกคะนอง,ทำเล่น ๆ ไม่คิดจริงจัง"
4,上,うえ,บน
5,"<a href=""/dictionary/show/2752"">植木</a>",うえき,ต้นไม้ที่ปลูกไว้ในสวนหรือกระถาง
6,植木バサミ,うえきバサミ,กรรไกรตัดไม้
7,植木鉢,うえきばち,กระถางต้นไม้
8,植木屋,うえきや,ร้านขายต้นไม้
9,植え込む,うえこむ,ปักหรือปลูก(ต้นไม้ พืช)
10,上下,うえした,"สูงต่ำ,บนล่าง"
11,飢死に,うえじに,การอดตาย
12,餓死,うえじに,การอดตาย
13,上向き,うえむき,1.มองขึ้น มองไปด้านบน แหงนมอง 2.ทิศทางขาขึ้น ทิศทางดี 3.รูปลักษณ์ภายนอก
14,"<a href=""/dictionary/show/2771"">植える</a>",うえる,ปลูก(ต้นไม้)
15,飢える,うえる,"อดอยาก,กระหาย"
16,餓える,うえる,"หิวโหย,อดอยาก"
17,"<a href=""/dictionary/show/2775"">魚</a>",うお,"ปลา,มัจฉา"
18,魚市場,うおいちば,ตลาดขายปลา
19,右往左往,うおうさおう,"จ้าละหวั่น,วิ่งวุ่น,อลหม่าน"
20,魚座,うおざ,ราศีมีน
21,魚釣りをする,うおつりをする,ตกปลา
22,羽化,うか,การลอกคราบจากดักแด้ไปเป็นแมลงอย่างสมบูรณ์
23,迂回,うかい,ทางอ้อม
24,鵜飼い,うかい,การเลี้ยงนกกาน้ำให้จับปลา โดยมัดเชือกไว้ที่คอนกเพื่อไม่ให้กลืนปลาลงไป
25,含嗽,うがい,"กลั้วคอ,บ้วนปาก"
26,嗽,うがい,"กลั้วคอ,บ้วนปาก"
27,迂回する,うかいする,อ้อม
28,うがい薬,うがいぐすり,ยากลั้วคอ
29,伺う,うかがう,"ถาม,เยี่ยม,ไปพบ(รูปสุภาพ)"
30,窺う,うかがう,1.มองลอด 2.ลอบสังเกต 3.จ้องหาโอกาส 4.คาดเดา
31,浮かされる,うかされる,เพ้อ (เพราะพิษไข้)
32,"<a href=""/dictionary/show/2794"">浮かす</a>",うかす,1.เอาลงไปลอย 2.เจียด หรือ ประหยัด (ค่าใช้จ่าย หรือ เวลา) บางส่วน (เพื่อเอาไปทำอย่างอื่น) 3.ลอยๆ (ไม่ทำให้นิ่ง) 4.ทำตัวให้ร่าเริง
33,迂闊,うかつ,"สะเพร่า,ไม่ระมัดระวัง,เลินเล่อ"
34,穿つ,うがつ,"1.เจาะ,ทะลุ 2.สวมใส่ 3.พูดได้ตรงประเด็น"
35,浮かぬ顔,うかぬかお,ใบหน้าดูกลุ้ม
36,浮かび上がる,うかびあがる,"ลอยขึ้น,เลื่อนขึ้น (ตำแหน่ง)"
37,浮かぶ,うかぶ,"ลอย(น้ำ),แสดง(สีหน้า)"
38,浮ぶ,うかぶ,"ลอย(น้ำ),แสดง(สีหน้า)"
39,浮かべる,うかべる,"ลอย หรือ ปล่อยลงบนน้ำ,แสดงความรู้สึกออกมา"
40,"<a href=""/dictionary/show/2802"">受かる</a>",うかる,"สอบผ่าน,สอบติด"
41,浮かれる,うかれる,"1.ระรื่น,ระริกระรี้,คึกคัก 2. นึกออกขึ้นมา ผุดขึ้นมา ลอยขึ้นมา 3.หลง ติดใจ "
42,右岸,うがん,ฝั่งขวาของแม่น้ำ
43,浮き,うき,"ลูกลอย,ทุ่น"
44,雨季,うき,ฤดูฝน
45,雨期,うき,ฤดูฝน
46,浮き上がる,うきあがる,ลอยขึ้นมา
47,浮き浮き,うきうき,"ระรื่น,ระริกระรี้,คึกคัก,เบิกบาน"
48,浮き貸し,うきがし,การใช้อำนาจหน้าที่ปล่อยกู้โดยมิชอบ (ของเจ้าหน้าที่สถาบันการเงิน)
49,浮き草,うきくさ,"พืชจำพวกจอกแหน,ชีวิตที่ร่อนเร่ที่ยังตั้งหลักปักฐานไม่ได้"
50,浮き腰,うきごし,"ตื่นตระหนก,ท่ายืดตัวจนเหมือนเอวลอยอยู่"
51,浮き沈み,うきしずみ,"เดี๋ยวจมเดี๋ยวลอย,ผลุบ ๆ โผล่ ๆ,ขึ้น ๆ ลง ๆ"
52,浮き島,うきしま,"พืชน้ำที่จับตัวกันลอยเป็นแพหนา,เกาะที่ดูเหมือนลอยอยู่บนผิวน้ำ"
53,浮き立つ,うきたつ,"ตื่นเต้นดีใจ,เริงร่า,ลอยเด่นออกมา"
54,浮き出る,うきでる,"ปรากฎขึ้นมา,ลอยขึ้นมา"
55,浮名,うきな,เรื่องโจษจันหรือเสียงซุบซิบในเรื่องชู้สาว
56,"<a href=""/dictionary/show/2820"">浮き彫り・浮彫</a>",うきぼり,1.การแกะสลักลายนูน 2.ปรากฏเด่นชัดขึ้น
57,憂き目,うきめ,"โชคร้าย,ประสบการณ์ที่ขมขื่น"
58,浮世,うきよ,"(เรื่องทาง)โลก,โลก(อันไม่จีรัง),โลกที่ไม่จีรัง"
59,浮世絵,うきよえ,ภาพวาดเกี่ยวกับความบันเทิงเริงรมย์ของชีวิตชาวเมืองสมัยเอโดะ
60,"<a href=""/dictionary/show/2824"">浮く</a>",うく,"1.ลอย 2.โผล่ออกมา,ปรากฎออกมาเบื้องหน้า หรือ ด้านหน้า 3.ตื่นเต้นดีใจ,ระรื่น,ดี๊ด๊า 4.เล่นๆ,ไม่จริงจัง 5.เกี่ยวข้อง หรือ สัมพันธ์ถึง (มักใช้กับความรัก หรือ ข่าวลือ) 6.(ของอย่างตะปู หรือ ฟัน) ไม่มั่นคง, โยกเยก 7.เหลือ,เกิน (เวลา หรือ ค่าใช้จ่ายที่ใช้ไม่หมด) 8.(ความสัมพันธ์)จางลง,สนิทน้อยลง,ออกห่าง 9.ไม่มีหลักฐานแน่ชัด,ไม่แน่นอน,ไม่น่าเชื่อถือ"
61,受け入れ,うけいれ,"1.การยอมรับ,ได้รับไว้,การรับ (สินค้า) 2.การรับฟัง,การรับข้อเรียกร้องไว้ 3.การรับไว้ดูแล"
62,受入れ,うけいれ,การรับ(สินค้า)
63,受入検査・受け入れ検査,うけいれけんさ,การตรวจวัสดุรับเข้า
64,受入検査試験,うけいれけんさしけん,การตรวจรับเข้าและทดสอบ
65,受け入れる,うけいれる,"1.ยอมรับ,ได้รับไว้ 2.รับฟัง รับข้อเรียกร้องไว้ 3.รับไว้ดูแล"
66,受入れる,うけいれる,"1.ยอมรับ,ได้รับไว้,รับ (สินค้า) 2.รับฟัง รับข้อเรียกร้องไว้ 3.รับไว้ดูแล"
67,請負業者・請け負い業者,うけおいぎょうしゃ,ผู้รับเหมา
68,"<a href=""/dictionary/show/2833"">請負う・請け負う</a>",うけおう,1.(งาน) รับเหมา 2.แบกรับ (ภาระ เช่น หนี้สิน)
69,受け皿・受皿,うけざら,1.ถาดรอง จานรอง　2. การทำเพื่อเตรียมสานต่อ หรือ สืบทอดต่อ
70,承る,うけたまわる,"ฟัง,ได้ยิน,ยินยอม,น้อมรับ"
71,受け継ぐ,うけつぐ,"รับช่วงต่อ,สืบทอด"
72,受け付け,うけつけ,"ที่ติดต่อสอบถาม,ประชาสัมพันธ์"
73,受付,うけつけ,"ที่ติดต่อสอบถาม,ประชาสัมพันธ์"
74,受け付ける,うけつける,"รับ(ใบสมัคร),รับฟัง,รับเข้ามา"
75,受け止める,うけとめる,"1.น้อมรับไว้,เตรียมใจรับไว้,เข้าใจมัน 2.รับไว้,ยับยั้ง,ปกป้อง"
76,受け取り,うけとり,ใบรับ
77,受取手形,うけとりてがた,ตั๋วเงินรับการค้า
78,受け取りに行く,うけとりにいく,ไปรับ
79,受取人,うけとりにん,ผู้รับ
80,受け取る,うけとる,"รับ (ด้วยมือ),ตีความ,รับเอาไว้"
81,受け身,うけみ,"ถูกกระทำ,เป็นฝ่ายตั้งรับ,ไม่ดิ้นรนต่อสู้,กรรมวาจก"
82,受身,うけみ,"ถูกกระทำ,เป็นฝ่ายตั้งรับ,ไม่ดิ้นรนต่อสู้,กรรมวาจก"
83,受身形,うけみけい,รูปถูกกระทำ
84,受け持つ,うけもつ,"รับผิดชอบ,รับตำแหน่ง,รับมอบหมาย"
85,受け戻す,うけもどす,"ไถ่คืน,ไถ่ถอน"
86,請け戻す,うけもどす,"ไถ่คืน,ไถ่ถอน"
87,"<a href=""/dictionary/show/2852"">受ける・ウケる</a>",うける,"1.รับ,ได้รับ 2.เข้ารับ,เข้าสอบ 3.เป็นที่ถูกอกถูกใจ,เป็นที่นิยม,เป็นที่ชื่นชอบ,โดนใจ (มักเขียน ウケる) "
88,請ける,うける,"รับ(งาน),รับเป็นธุระจัดการ,รับเหมา"
89,受け渡し,うけわたし,การส่งมอบสินค้า
90,受渡し,うけわたし,การส่งมอบสินค้า
91,受け渡す,うけわたす,ส่งมอบสินค้า
92,受渡す,うけわたす,ส่งมอบสินค้า
93,右舷,うげん,กราบขวาของเรือ
94,雨後,うご,หลังฝนตก
95,動かす,うごかす,เคลื่อนย้าย
96,動き回る,うごきまわる,เคลื่องไหวไปรอบๆ
97,動く,うごく,"เคลื่อนไหว,เคลื่อนที่"
98,右顧左眄,うこさべん,"วอกแวก,ลังเล,ใจโอนเอนไปมา"
99,蠢かす,うごめかす,กระดิก
100,蠕く,うごめく,ดิ้นยุกยิก ยึกยัก
101,蠢く,うごめく,ดิ้นยุกยิก
102,ウザイ・ウザい,うざい,"จุกจิกน่ารําคาญ,จู้จี้,น่าโมโห"
103,兎,うさぎ,กระต่าย
104,兎馬,うさぎうま,ลา (สัตว์)
105,胡散臭い,うさんくさい,"น่าสงสัย,ไม่น่าไว้วางใจ ประมาทไม่ได้"
106,丑,うし,ปีฉลู (ใน 12 นักษัตร)
107,牛,うし,วัว
108,齲歯,うし,ฟันผุ
109,氏,うじ,"นามสกุล,ชาติตระกูล"
110,蛆,うじ,หนอนที่เป็นตัวอ่อนของแมลงวัน
111,潮,うしお,1.น้ำทะเล 2.ซุปปลากระพงต้มเกลือ
112,牛囲い,うしかこい,คอกวัว
113,氏神,うじがみ,"เทพผู้พิทักษ์,วัดประจำตระกูล"
114,丑年,うしどし,ปีฉลู
115,失う,うしなう,สูญเสีย
116,蛆虫,うじむし,หนอนตัวอ่อนของแมลงวัน
117,うじゃうじゃ,うじゃうじゃ,"ยั้วเยี้ย,(บ่น)เป็นหมีกินผึ้ง"
118,後ろ,うしろ,ข้างหลัง
119,後足,うしろあし,ขาด้านหลัง
120,後ろ暗い,うしろぐらい,"(เรื่อง)เสื่อมเสีย,(เรื่อง)เสียหายที่ต้องปิดบัง,ไม่ชอบมาพากล"
121,後ろ暗い事,うしろぐらいこと,"เรื่องเสื่อมเสีย,เรื่องเสียหายที่ต้องปิดบัง,เรื่องไม่ชอบมาพากล"
122,後ろ姿,うしろすがた,รูปลักษณ์เมื่อมองจากด้านหลัง
123,"<a href=""/dictionary/show/2888"">後ろ楯</a>",うしろだて,"ผู้อุปถัมภ์,คนหนุนหลัง,ผู้สนับสนุน"
124,後ろ盾・後盾,うしろだて,"ผู้อุปถัมภ์,คนหนุนหลัง,ผู้สนับสนุน"
125,後ろ手,うしろで,มือไขว้อยู่ข้างหลัง
126,後ろ前,うしろまえ,กลับหน้ากลับหลัง
127,後ろ向き・後向き,うしろむき,1.หันหลังให้ 2.คิดลบ เชิงลบ 
128,後ろめたい,うしろめたい,รู้สึกผิดเสียใจในสิ่งที่ทำลงไป
129,後ろ指,うしろゆび,นินทาลับหลัง
130,後指,うしろゆび,นินทาลับหลัง
131,臼,うす,"ครก,โม่หิน"
132,薄,うす,(สี รสชาติ)อ่อน
133,渦,うず,"น้ำวน,กระแสวน"
134,薄明かり,うすあかり,"แสงสลัว,แสงเรื่อ ๆ รำไร"
135,薄味,うすあじ,รสอ่อน
136,薄い,うすい,"(รส)จืด,อ่อน,บาง"
137,薄い色,うすいいろ,สีอ่อน
138,雨水槽,うすいそう,ที่เก็บน้ำฝน
139,薄色,うすいろ,สีอ่อน ๆ
140,薄薄,うすうす,"1.ราง ๆ,ไม่ชัดเจน,พอจะ (จำได้ หรือ เข้าใจ) 2.สลัวๆ,จางๆ"
141,薄々,うすうす,"1.ราง ๆ,ไม่ชัดเจน,พอจะ (จำได้ หรือ เข้าใจ) 2.สลัวๆ,จางๆ"
142,薄着,うすぎ,การใส่เสื้อผ้าบาง ๆ
143,うす口,うすくち,"อาหารที่ปรุงรสไม่เข้มข้น,โชยุชนิดสีอ่อน"
144,薄口,うすくち,"อาหารที่ปรุงรสไม่เข้มข้น,โชยุชนิดสีอ่อน"
145,"<a href=""/dictionary/show/2913"">蹲る・踞る</a>",うずくまる,"1.นั่งกอดเข่า,หมอบ,คู้  2.คลานกราบ,หมอบคลานกราบ"
146,薄暗い,うすぐらい,"ทึม ๆ,ครึ้ม ๆ,มืด ๆ"
147,薄化粧,うすげしょう,การแต่งหน้าอ่อน ๆ
148,埋まる,うずまる,"ฝัง,จม"
149,薄める,うすめる,ทำให้เจือจาง
150,埋める,うずめる,"ฝัง,กลบ"
151,薄物,うすもの,เสื้อผ้าบาง ๆ
152,埋もれる,うずもれる,"ถูกกลบ,จมอยู่ใน,(สถานที่)เต็มไปด้วย"
153,鶉,うずら,นกกระทา
154,薄らぐ,うすらぐ,"เจือจางลง,จืดจาง,อ่อนลง"
155,薄れる,うすれる,"เลือนราง,จางหาย,จางลง"
156,薄笑い,うすわらい,"รอยยิ้มแบบมีเลศนัย,ยิ้มแบบเย้ยหยัน"
157,雨声,うせい,เสียงฝนตก
158,右折,うせつ,เลี้ยวขวา
159,右折禁止,うせつきんし,ห้ามเลี้ยวขวา
160,右折する,うせつする,เลี้ยวขวา
161,失せる,うせる,"สูญหาย,ตายจากไป"
162,"<a href=""/dictionary/show/2931"">嘘</a>",うそ,"เรื่องไม่จริง,เรื่องโกหก,หลอกลวง,พูดปด"
163,有象無象,うぞうむぞう,"1.พวกไร้สาระ พวกนอกสายตา 2.ของไร้สาระ,เรื่องที่ไม่ใช่ประเด็นสำคัญ 3.ความมีตัวตนที่สัมผัสได้ (ศัพท์พุทธศาสนา)"
164,右側,うそく,"ด้านขวา,ขวามือ"
165,うそ寒い,うそさむい,"หนาวนิดหน่อย,หนาว ๆ"
166,嘘字,うそじ,อักษรที่ผิด
167,嘘つき,うそつき,"คนขี้โกหก,ขี้ปด,ตอแหล"
168,嘘吐き,うそつき,"คนขี้โกหก,ขี้ปด,ตอแหล"
169,嘘泣き,うそなき,"การตีหน้าเศร้า,บีบน้ำตา,การแกล้งร้องไห้,การแกล้งทำเป็นเศร้าโศก"
170,嘘発見器,うそはっけんき,"เครื่องจับเท็จ,เครื่องจับโกหก"
171,嘘八百,うそはっぴゃく,"โกหกร้อยแปด,โกหกทั้งเพ"
172,嘯く,うそぶく,"1.คุยโว,ทำเป็นพูดอวดดี 2. ผิวปาก ฮัมเพลง 3. ทำเป็นเฉไฉ ไม่รู้เรื่อง 4. (สัตว์) ร้อง หอน"
173,嘘を吐く,うそをつく,โกหก
174,唄,うた,เพลง
175,歌,うた,เพลง
176,謡,うたい,บทร้องของละครโน
177,謡い,うたい,บทร้องของละครโน
178,歌い手,うたいて,นักร้อง
179,唄う,うたう,ร้องเพลง
180,歌う,うたう,ร้องเพลง
181,"<a href=""/dictionary/show/2951"">謳う</a>",うたう,"1.ชื่นชม 2. ยืนหยัด,แสดงออก,เรียกร้อง 3. ประกาศ บันทึกไว้"
182,疑い,うたがい,"ข้อสงสัย,เคลือบแคลงใจ"
183,"<a href=""/dictionary/show/2954"">疑う</a>",うたがう,"กังขา,สงสัย"
184,泡沫,うたかた,"ฟอง,สิ่งที่ไม่จีรังยั่งยืน"
185,疑わしい,うたがわしい,น่าสงสัย
186,疑り,うたぐり,"ช่องสำหรับเป่าของดนตรี,สไตล์การประพันธ์บทกวีโบราณของญี่ปุ่น"
187,宴,うたげ,งานเลี้ยง
188,歌声,うたごえ,เสียงร้องเพลง
189,歌心,うたごころ,"จิตวิญญาณของความเป็นกวี(โบราณ),ใจความหลักของบทกวี(โบราณ)"
190,転,うたた,"เหลือเกิน,ยิ่งนัก"
191,転た,うたた,"เหลือเกิน,ยิ่งนัก"
192,転た寝,うたたね,ผลอยหลับ
193,転寝,うたたね,ผลอยหลับ
194,うたた寝する,うたたねする,"งีบ,เผลอหลับ"
195,歌姫,うたひめ,นักร้องหญิง ผู้หญิงที่้ร้องเพลงดี เก่ง
196,中,うち,"ข้างใน,ด้านใน,ภายใน"
197,内,うち,"ภายใน,ข้างใน,ด้านใน"
198,家,うち,บ้าน
199,裡,うち,"ข้างใน,ด้านใน,ภายใน"
200,撃ち合い,うちあい,ยิงกัน
201,打ち明ける,うちあける,"เผย(ความลับในใจ),เปิดใจ,สารภาพ"
202,打明ける,うちあける,"เผย(ความลับในใจ),เปิด(ใจ),สารภาพ"
203,打ち上げる,うちあげる,"1 ยิ่ง(พลุ),ยิงขึ้นสู่ฟ้า 2.ซัดเกยฝั่ง,ให้ขึ้นฝั่ง 3.เสร็จสิ้น(การแสดงรอบสุดท้าย) 4.เลี้ยงฉลอง 5.เพิ่มเสียง"
204,打上げる,うちあげる,"1 ยิ่ง(พลุ),ยิงขึ้นสู่ฟ้า 2.ซัดเกยฝั่ง,ให้ขึ้นฝั่ง 3.เสร็จสิ้น(การแสดงรอบสุดท้าย) 4.เลี้ยงฉลอง 5.เพิ่มเสียง"
205,打ち合わせ,うちあわせ,"การนัดหมายเพื่อพบปะพูดคุย,การประชุมเตรียมงาน,การหารือกันล่วงหน้าเพื่อดำเนินการสิ่งใดสิ่งหนึ่ง"
206,打ち合せる,うちあわせる,หารือกันล่วงหน้า
207,打ち合わせる,うちあわせる,หารือกันล่วงหน้า
208,打合せる,うちあわせる,หารือกันล่วงหน้า
209,内祝,うちいわい,การให้ของขวัญหรือเงินแก่เครือญาติหรือเพื่อนสนิทเพื่อแสดงความยินดี
210,内祝い,うちいわい,การให้ของขวัญหรือเงินแก่เครือญาติหรือเพื่อนสนิทเพื่อแสดงความยินดี
211,内海,うちうみ,ทะเลใน
212,打ち落す,うちおとす,"ตีให้ตกลงมา,ตัด(คอ)"
213,打ち落とす,うちおとす,"ตีให้ตกลงมา,ตัด(คอ)"
214,撃ち落とす,うちおとす,"ยิงร่วง,ยิงให้ตกลงมา"
215,打ち返す,うちかえす,"ตีกลับไป,ตีคืน,ไถ(นา),(คลื่น)ซัดเข้าฝั่งอีกครั้ง"
216,内隠,うちかくし,กระเป๋าด้านในเสื้อ
217,内隠し,うちかくし,กระเป๋าด้านในเสื้อ
218,内側,うちがわ,"ภายใน,ข้างใน,ด้านใน"
219,内気,うちき,"ขี้อาย,ไม่กล้าแสดงออก"
220,打ち切る,うちきる,"ตีจนหักหรือขาด,ล้มเลิกกลางคัน"
221,内金,うちきん,เงินมัดจำ
222,打ち首,うちくび,โทษตัวหัวประหารชีวิต
223,打ち消す,うちけす,"ปฏิเสธ,กลบเสียง"
224,打消す,うちけす,"ปฏิเสธ,กลบเสียง"
225,打ち込む,うちこむ,"ตอกลงไป,กระหน่ำใส่,ป้อน,หลงใหล,ทุ่มเท"
226,内税品計,うちぜいひんけい,ราคาสินค้ารวมภาษี
227,討ち取る,うちとる,ประหัตประหาร(ศัตรู)
228,裏に,うちに,ท่ามกลาง
229,内幕,うちまく,"เรื่องหลังฉาก,เบื้องหลัง,เรื่องภายใน"
230,内回り,うちまわり,เส้นทางรอบใน
231,宇宙,うちゅう,จักรวาล
232,宇宙警察,うちゅうけいさつ,ตำรวจอวกาศ
233,宇宙ステーション,うちゅうステーション,สถานีอวกาศ
234,宇宙船,うちゅうせん,ยานอวกาศ
235,宇宙センター,うちゅうセンター,ศูนย์อวกาศ
236,宇宙探査船,うちゅうたんさせん,ยานสำรวจอวกาศ
237,宇宙飛行士,うちゅうひこうし,มนุษย์อวกาศ
238,宇宙旅行,うちゅうりょこう,การท่องอวกาศ
239,宇宙ロケット,うちゅうロケット,จรวดอวกาศ
240,有頂天,うちょうてん,หลงระเริง ลืมตัว ตกอยู่ในโลกมายา
241,内輪,うちわ,"เรื่องวงใน,คนใน,วงศ์ญาติ,(กะประมาณ)อย่างต่ำ ๆ"
242,団扇,うちわ,พัด(แบบไม่คลี่)
243,内訳,うちわけ,การแจกแจงบัญชี　รายละเอียดภายใน
244,打つ,うつ,"บันทึก,ตี"
245,撃つ,うつ,โจมตี
246,討つ,うつ,"ปราบปราม,ทำลายล้าง,ฟาดฟัน"
247,うっかり,うっかり,"เผลอ,พลั้ง,ไม่ทันระวัง,ประมาท"
248,うっかりする,うっかりする,เผลอ
249,美しい,うつくしい,"สวย,งดงาม,เจิดจรัส"
250,鬱血,うっけつ,เลือดคั่ง
251,写し,うつし,สำเนา
252,うつ状態•鬱状態,うつじょうたい,อาการซึมเศร้า
253,写す,うつす,"ถ่าย(รูป,สำเนา),คัดลอก,ลอกแบบ,เขียนบรรยาย ลอกการบ้าน"
254,映す,うつす,ฉายให้ปรากฏ
255,移す,うつす,"ย้ายออกไป,โอน,เอาโรคไปติด"
256,薄ら,うっすら,"เบาบาง,อ่อน ๆ,ราง ๆ,จาง ๆ"
257,鬱積,うっせき,อัดอั้นอยู่ในใจ
258,鬱然,うつぜん,หนาทึบ
259,鬱蒼(と),うっそう(と),"(สภาพพงหญ้า)รกทึบ,หนาแน่น "
260,訴えを棄却する,うったえをききゃくする,"ยกฟ้อง,จำหน่ายคดี"
261,"<a href=""/dictionary/show/3033"">訴える</a>",うったえる,"1.ฟ้องร้อง 2.เรียกร้อง,แสดงเจตจำนง 3.ทำเป็น,เรียกความเห็นใจ (โดยวิธีการ) 4.จัดการปัญหาด้วยวิธีการเด็ดขาด 5.กระตุ้น (ความรู้สึก หรือ สำนึก)"
262,うっちゃる,うっちゃる,"ละเลย,ทิ้งขว้าง"
263,鬱陶しい,うっとうしい,"หดหู่,ห่อเหี่ยว,อึดอัด,น่ารําคาญ"
264,うっとり,うっとり,"เคลิบเคลิ้ม,อิ่มเอิบ"
265,うつ伏せに寝る,うつぶせにねる,นอนคว่ำ
266,俯く,うつむく,ก้มหน้า
267,移り気,うつりぎ,เปลี่ยนใจง่าย
268,写る,うつる,ถ่าย(ภาพ)
269,映る,うつる,"สะท้อนให้เห็น,เข้ากันดีกับ,ถ่ายออกมาได้(ดี)"
270,移る,うつる,"ย้าย,เปลี่ยนไปสู่,โรคติดต่อคนอื่น,กลิ่นติด,สีตก"
271,移ろう,うつろう,"ลบเลือน,เปลี่ยนแปลง"
272,器,うつわ,1.ชาม 2. คุณสมบัติ ความสามารถ
273,腕,うで,แขน
274,腕カバー,うでカバー,ที่ครอบแขน
275,雨滴,うてき,หยาดฝน
276,腕組,うでぐみ,การกอดอก
277,腕相撲,うでずもう,การเล่นงัดข้อ
278,腕立て伏せ,うでたてふせ,การวิดพื้น
279,腕時計,うでとけい,นาฬิกาข้อมือ
280,腕時計,うでどけい,นาฬิกาข้อมือ
281,腕に覚えのある,うでにおぼえのある,เชี่ยวชาญ
282,腕前,うでまえ,ฝีมือ
283,腕輪,うでわ,กำไล
284,腕を振るう,うでをふるう,"แสดงความสามารถ,แสดงฝีมือ โชว์ฝีมือ โชว์ความสามารถ"
285,雨天,うてん,ท้องฟ้าที่มีฝนตก
286,雨天決行,うてんけっこう,"ไม่ยกเลิกในกรณีที่ฝนตก,ต่อให้ฝนตกก็จัดงานต่อ"
287,疎い,うとい,"ไม่รู้,ไม่ประสา,ไม่สนิท,ไม่ค่อยรู้จักมักคุ้น"
288,卯年,うどし,ปีเถาะ
289,饂飩,うどん,อุด้ง
290,促す,うながす,"กระตุ้น,เสนอแนะ,บีบให้กระทำ"
291,鰻,うなぎ,ปลาไหล
292,頷く,うなずく,1.พยักหน้า 2.เห็นด้วย
293,海原,うなばら,"ท้องทะเล,พื้นน้ำกว้างใหญ่ของทะเล"
294,唸る,うなる,"1.คำราม(สัตว์) 2.ฮือฮา,ส่งเสียงชื่นชม 3. ลากเสียงต่ำ 4.ร้องครวญคราง (ทรมาน) 5.ล้น,ทะลัก(เช่น พลัง หรือ เงิน)"
295,海胆,うに,หอยเม่น
296,雲丹,うに,หอยเม่น
297,自惚れる,うぬぼれる,"หลงตัวเอง,หลงระเริง,อวดดี"
298,畝,うね,คันนา
299,うねり,うねり,เกลียวคลื่น
300,畝ねる,うねる,"คดเคี้ยว,เป็นเกลียวคลื่น"
301,右派,うは,"พรรคฝ่ายขวา,พวกกลุ่มอนุรักษ์นิยม"
302,乳母,うば,แม่นม
303,奪う,うばう,"แย่งเอาไป,ช่วงชิง"
304,うば車,うばぐるま,รถเข็นเด็ก
305,乳母車,うばぐるま,รถเข็นเด็ก
306,姥桜,うばざくら,"ซากุระพันธุ์ที่พลิดอกก่อนใบ,สาวใหญ่ที่ยังคงความงามไว้ได้"
307,奪われる,うばわれる,ถูกริดรอน
308,初,うぶ・ウブ,"ไร้เดียงสา,บริสุทธิ์, อ่อนต่อโลก"
309,産着,うぶぎ,เสื้อกิโมโนสำหรับสวมให้เด็กแรกเกิด
310,産衣,うぶぎ,เสื้อกิโมโนสำหรับสวมให้เด็กแรกเกิด
311,産毛,うぶげ,ขนอ่อนของเด็กแรกเกิด
312,産声,うぶごえ,เสียงร้องของเด็กแรกเกิด
313,産湯,うぶゆ,การอาบน้ำให้เด็กแรกเกิด
314,右辺,うへん,"ฝั่งขวาของสมการ,ซีกขวาของกระดานหมากข้ามของญี่ปุ่น"
315,右方,うほう,"ด้านขวา,ฝั่งขวา"
316,午,うま,ปีมะเมีย (ใน 12 นักษัตร)
317,"<a href=""/dictionary/show/3090"">馬</a>",うま,ม้า
318,上手い,うまい,เก่ง
319,旨い•甘い,うまい,อร่อย
320,美味い,うまい,อร่อย
321,馬方,うまかた,ผู้ที่เลี้ยงม้าไว้รับจ้างขนสัมภาระ
322,うまく行く,うまくいく,"ราบรื่น,ไปได้ด้วยดี"
323,馬小屋,うまごや,คอกม้า
324,馬面,うまづら,หน้ายาวเหมือนม้า
325,午年,うまどし,ปีมะเมีย
326,馬の耳に念仏,うまのみみにねんぶつ,สีซอให้ควายฟัง
327,厩,うまや,คอกม้า
328,廐,うまや,"คอกสัตว์,ยุ้งฉาง,โรงเก็บหญ้าแห้ง"
329,埋まる,うまる,"เต็มไปด้วย,ถูกกลบ,จมอยู่ใน"
330,生まれ変わる,うまれかわる,"กลับมาเกิดใหม่,ตั้งต้นชีวิตใหม่"
331,"<a href=""/dictionary/show/3104"">生まれる</a>",うまれる,"เกิด,กำเนิด (ใช้ได้ทั้งสิ่งมีชีวิต และ สิ่งไม่มีชีวิต) "
332,海,うみ,ทะเล
333,膿,うみ,หนอง
334,海風,うみかぜ,ลมทะเล
335,海亀,うみがめ,เต่าทะเล
336,生み出す,うみだす,"ให้กำเนิด,ออกไข่,สร้างสรรค์"
337,海鳥,うみどり,นกทะเล
338,海鳴り,うみなり,เสียงทะเลเหมือนจะมีพายุ
339,海辺,うみべ,หาดทราย
340,惓む,うむ,"เบื่อหน่าย (เพราะซ้ำซากจำเจ),เอียน"
341,有無,うむ,มีหรือไม่
342,生む,うむ,"คลอด,ให้กำหนดคลอด,ทำให้เกิด"
343,産む,うむ,"การให้กำเนิด,ก่อให้เกิด"
344,膿む,うむ,เป็นหนอง
345,梅,うめ,บ๊วย
346,呻く,うめく,"ครวญคราง,โอดครวญ"
347,埋め草,うめくさ,ข้อเขียนสั้น ๆ ที่ใส่ลงไปเพื่อให้เต็มหน้ากระดาษ
348,梅酒,うめしゅ,เหล้าที่มีบ๊วยผสมอยู่
349,埋立地,うめたてち,ที่ที่ถมขึ้นมา
350,埋め立てる,うめたてる,ถม (แม่น้ำหรือทะเล)
351,梅干,うめぼし,"บ๊วยเค็ม,บ๊วยดอง"
352,梅干し,うめぼし,"บ๊วยเค็ม,บ๊วยดอง"
353,梅見,うめみ,การชมดอกบ๊วยบาน
354,埋める,うめる,"ฝัง,กลบ,ถม,เติมให้เต็ม,ทดแทน,เติม"
355,羽毛,うもう,ขนของสัตว์ปีก
356,埋もれる,うもれる,"จมอยู่ใน,ถูกกลบ,เต็มไปด้วย"
357,恭しい,うやうやしい,เคารพนบนอบ
358,敬う,うやまう,เคารพนับถือ
359,有耶無耶,うやむや,"คลุมเครือ,ไม่รู้ยังไงแน่,คาราคาซัง"
360,うようよ,うようよ,"(คน หรือ แมลง)ยั้วเยี้ย,ยุบยับ"
361,紆余曲折,うよきょくせつ,"1.คดเคี้ยว,พลิกผันไปเรื่อย ๆ 2. ชีวิตที่ไม่ได้โรยด้วยกลีบกุหลาบ"
362,右翼,うよく,1.ปีกขวา 2.ฝ่ายขวา-คือพรรคที่เป็นกลุ่มชาตินิยมติดอยู่กับจารีตประเพณีที่มีศาสนาเป็นแกนกลาง เชื่อว่าประชาธิปไตยต้องมาจากชนชั้นสูงเท่านั้น นิยมอำนาจ ชอบออกคำสั่งให้คนเคารพเชื่อฟัง ไม่ฟังเสียงประชาชน และมักจะเกี่ยวพันกับธุรกิจเอกชน กลุ่มขุนนาง นักบวช มีแนวคิดอนุรักษ์นิยม (Conservative) ไม่ต้องการการเปลี่ยนแปลงทางการเมือง ทั้งนี้เพราะต้องการดำรงสิทธิ อำนาจ และผลประโยชน์ต่างๆ ของตนเอาไว้ ส่วนขวาปกติ คือ รัฐทุนนิยม เสรีนิยม เสรีประชาธิปไตย 
363,浦,うら,อ่าวเล็ก ๆ
364,裏,うら,ด้านหลัง
365,裏打ち,うらうち,"การเสริมผ้าหรือกระดาษอีกชั้นเพื่อให้แข็งแรง,การหา(หลักฐาน)มาสนับสนุน"
366,裏表,うらおもて,"เบื้องหน้าเบื้องหลัง,ด้านหน้าด้านหลัง,กลับหน้ากลับหลัง"
367,裏返す,うらがえす,"พลิกด้าน,กลับด้าน"
368,裏書,うらがき,"การสลักหลัง,(หลักฐาน)สนับสนุน"
369,裏書き,うらがき,"การสลักหลัง,(หลักฐาน)สนับสนุน"
370,裏書譲渡,うらがきじょうと,การโอนโดยลงชื่อสลักหลัง
371,裏書人,うらがきにん,ผู้ลงนาม
372,裏方,うらかた,1.คนทำงานหลังเวที 2.ภริยาขุนนาง 3.ทำงานอยู่เบื้องหลัง 
373,裏金,うらがね,1.สินบน 2.เงินที่สต็อกเก็บไว้ 
374,裏紙,うらがみ,กระดาษที่ถูกใช้งานไปแล้ว แต่นำมารีไซเคิลโดยการเอาด้านหลังมาใช้งานใหม่
375,裏側,うらがわ,"ตรงกันข้าม,ตรงข้าม"
376,裏切り,うらぎり,"การทรยศ,การหักหลัง"
377,裏切り者,うらぎりもの,คนทรยศ
378,裏切者,うらぎりもの,คนทรยศ
379,裏切る,うらぎる,"หักหลัง,ทรยศ,ทำให้ผิดหวัง"
380,裏口,うらぐち,"ทางออกด้านหลัง,วิธีทุจริต"
381,裏声,うらごえ,"เสียงสูงผิดธรรมชาติ,เสียงแหลมจนหลง"
382,裏地,うらじ,ผ้าซับใน
383,裏付け,うらづけ,"ข้อพิสูจน์,หลักฐานสนับสนุน"
384,裏付ける,うらづける,"1.(หลักฐาน)สนับสนุน,หลักฐานเสริม 2.แปะหลัง,ติดหลัง"
385,裏手,うらて,"ส่วนหลัง,ด้านหลัง(ของอาคารสถานที่ บ้าน)"
386,裏通り,うらどおり,ถนนในตรอกซอยที่ร้างผู้คน
387,占い,うらない,ทำนาย
388,占い師,うらないし,หมอดู
389,占う,うらなう,"พยากรณ์,ทำนาย,เสี่ยง(เซียมซี)"
390,裏話,うらばなし,"เรื่องที่ซ่อนอยู่เบื้องหลัง,ข่าววงใน"
391,裏腹,うらはら,"ตรงข้ามกัน,ของคู่กัน (แต่ตรงกันข้ามกัน)"
392,裏町,うらまち,ย่านห่างไกลถนนใหญ่ (และความเจริญ)
393,裏街,うらまち,ย่านห่างไกลถนนใหญ่ (และความเจริญ)
394,怨み,うらみ,อาฆาต
395,恨み,うらみ,"ความเจ็บแค้น,ความชิงชัง,ความเกลียดชัง"
396,裏道,うらみち,"ทางไปประตูหลัง,ทางลัดเลาะตามตรอกซอกซอย,วิธีที่ไม่ชอบธรรม"
397,恨む,うらむ,"เจ็บแค้น,เกลียดชัง,โกรธแค้น,ขุ่นเคือง"
398,恨めしい,うらめしい,"อย่างขุ่นเคือง,น่าชิงชัง,เจ็บแค้น"
399,裏門,うらもん,ประตูหลัง
400,羨ましい,うらやましい,"อิจฉา,ริษยา"
401,羨ましがりや,うらやましがりや,ขี้อิจฉา
402,羨ましがる,うらやましがる,อิจฉา
403,麗か,うららか,"แจ่มใส,สดใส,ปลอดโปร่ง"
404,裏技,うらわざ,เทคนิค หรือความรู้ที่มีประโยชน์ แต่มักจะไม่ทราบกันโดยทั่วไป
405,売り上げ,うりあげ,ยอดขาย
406,売上,うりあげ,ยอดขาย
407,売上原価,うりあげげんか,"ต้นทุนขาย,ต้นทุนสินค้าขาย (Cost of Goods sold)"
408,売上高,うりあげだか,ยอดขาย
409,売り買い,うりかい,การซื้อขาย
410,売掛金,うりかけきん,"ลูกหนี้การค้า,เงินค้างรับ,บัญชีค้างรับ ยอดค้างรับ "
411,売り切る,うりきる,ขายหมด
412,売り切れ,うりきれ,การขายของจนหมด
413,売り切れる,うりきれる,ขายหมด
414,売切れる,うりきれる,ขายหมด
415,売子,うりこ,คนขายของหน้าร้าน
416,売り込む,うりこむ,"ขายให้ติดตลาด,ขายให้ได้ผล"
417,売り出す,うりだす,"ออกขาย,วางขาย,วางจำหน่าย,ขายถูกในโอกาสพิเศษ,เริ่มขายออก"
418,売りつける,うりつける,ยัดเยียดขาย
419,売り手,うりて,คนขาย
420,売り手市場,うりてしじょう,ตลาดที่ผู้ขายได้เปรียบเนื่องจากมีจำนวนผู้ซื้อมากกว่าผู้ขาย
421,売り値,うりね,ราคาขาย
422,売り場,うりば,"สถานที่ขายสินค้า,เคาน์เตอร์ขายสินค้า"
423,売り物,うりもの,ของที่ขาย
424,雨量,うりょう,ปริมาณฝนที่ตก
425,"<a href=""/dictionary/show/3200"">売る</a>",うる,"ขาย,จำหน่าย "
426,潤い,うるおい,ความชุ่มฉ่ำ
427,潤う,うるおう,ชุ่มชื้น
428,潤す,うるおす,"ทำให้ชุ่มชื้น,สร้างความมั่งคั่ง"
429,五月蠅い,うるさい,หนวกหู
430,煩い,うるさい,"1.หนวกหู,น่ารำคาญ　2. เรื่องมาก ถ้าเรื่องมาก ในเรื่องอะไร ก็ ～にうるさい "
431,うるさく言う,うるさいいう,จู้จี้
432,漆,うるし,สี (สำหรับทาเครื่องเขิน)
433,潤む,うるむ,"1.ชุ่ม,แฉะ 2.เสียงสั่นเครือ 3.(แสง)พร่า,ไม่ชัดเจน 4.ฟกช้ำ,เป็นจ้ำ 5.(ผลไม้) สุกเปลี่ยนสี"
434,麗しい・美わしい,うるわしい,"งดงาม,ผุดผ่อง"
435,愁い,うれい,ความเศร้าสร้อย
436,憂い,うれい,"ความวิตกกังวล,ความเศร้าสร้อย"
437,憂い顔,うれいがお,"ใบหน้าที่เศร้าศร้อย,สีหน้าที่วิตกกังวล"
438,愁える,うれえる,"1.กังวล,หวาดวิตก 2.โศกเศร้า,เศร้ากับโชคชะตาที่เกิดขึ้น 3.ไม่สบาย"
439,憂える,うれえる,"1.กังวล,หวาดวิตก 2.โศกเศร้า,เศร้ากับโชคชะตาที่เกิดขึ้น 3.ไม่สบาย"
440,"<a href=""/dictionary/show/3217"">嬉しい</a>",うれしい,"ดีใจ,มีความสุข,ยินดี"
441,売れっ子,うれっこ,ดาราหรือนักร้องยอดนิยม
442,売れっ子歌手,うれっこかしゅ,นักร้องยอดนิยม
443,熟れていない,うれていない,"(ผลไม้) ดิบ,(ผลไม้) ยังไม่สุก"
444,売れ残り,うれのこり,1.(ของ) ขายไม่ออก 2.ขึ้นคาน (ผู้หญิง)
445,売れ行き,うれゆき,ยอดขาย
446,売行,うれゆき,ยอดขาย
447,売行き,うれゆき,ยอดขาย
448,売れる,うれる,"ขายออก,ขายได้"
449,熟れる,うれる,(ผลไม้)สุก
450,うろうろ,うろうろ,"ป้วนเปี้ยน,ด้อม ๆ มอง ๆ,วนไปวนมา"
451,うろうろする,うろうろする,เถลไถล
452,彷徨く,うろつく,"เดินป้วนเปี้ยน,เตร็ดเตร่,ด้อม ๆ มอง ๆ,เดินวนไปมา"
453,上書き,うわがき,"การจ่าหน้า,การเขียนลงบนซองหรือห่อพัสดุ"
454,上紙,うわがみ,"ปกหนังสือ,กระดาษห่อ"
455,上側,うわかわ,ด้านบน
456,上側,うわがわ,ด้านบน
457,浮気,うわき,"นอกใจ,มีชู้,หลายใจ,เจ้าชู้"
458,上着,うわぎ,"เสื้อโค้ท,เสื้อแจ๊คเก็ต,เสื้อที่สวมทับด้านบน"
459,浮気する,うわきする,นอกใจ
460,浮気者,うわきもの,คนเจ้าชู้
461,上薬,うわぐすり,น้ำยาเคลือบเงา
462,釉薬,うわぐすり,น้ำยาเคลือบเงา
463,上唇,うわくちびる,ริมฝีปากบน
464,上靴,うわぐつ,รองเท้าใส่ในบ้าน
465,"<a href=""/dictionary/show/3242"">噂</a>",うわさ,"1.เสียงเล่าลือ,ข่าวลือ 2.นินทา,ซุบซิบ,พูดถึงลับหลัง,การเม้า,เม้าถึง"
466,噂話,うわさばなし,"เรื่องซุบซิบ,ข่าวลือ"
467,上滑べり,うわすべり,"ผิวเผิน,ไม่จริงจัง,ฉาบฉวย"
468,上滑り,うわすべり,"ผิวเผิน,ไม่จริงจัง,ฉาบฉวย"
469,上澄み,うわずみ,ส่วนใสของของเหลวหลังตะกอนนอนก้น
470,上擦る,うわずる,"ตื่นเต้น,ตื่นตระหนก,(เสียง)สูงด้วยความตื่นเต้น"
471,上背,うわぜい,ความสูงขณะยืน
472,上調子,うわちょうし,"ท่าดีทีเหลว,ดีแต่พูด,(หุ้น)ทำท่าจะขึ้น"
473,上っ側,うわっかわ,ด้านบน
474,上側,うわっかわ,ด้านบน
475,"<a href=""/dictionary/show/3252"">浮つく</a>",うわつく,"1.(จิตใจ)คึกคัก,ดี๊ด๊า 2.เล่น ๆ ไม่คิดจริงจัง"
476,"<a href=""/dictionary/show/3253"">上付く</a>",うわつく,"1.(จิตใจ)คึกคัก,ดี๊ด๊า 2.เล่น ๆ ไม่คิดจริงจัง"
477,上っ調子,うわっちょうし,"ท่าดีทีเหลว,ดีแต่พูด,(หุ้น)ทำท่าจะขึ้น"
478,上っ面,うわっつら,"เปลือกนอก,รูปลักษณ์ภายนอก"
479,上っ張り,うわっぱり,เสื้อผ้าสวมกันเปื้อน
480,上積み,うわづみ,"กองไว้ด้านบน,สมทบ,บวกเพิ่มเข้าไปอีก"
481,上面,うわつら,"เปลือกนอก,รูปลักษณ์ภายนอก"
482,上手,うわて,"เหนือชั้น,ฝีมือเหนือกว่า,ถือไพ่เหนือกว่า,ฝ่ายรุก"
483,上塗,うわぬり,การทาสีทับครั้งสุดท้าย
484,上塗り,うわぬり,การทาสีทับครั้งสุดท้าย
485,上値,うわね,ราคาขึ้นสูง
486,上乗せ,うわのせ,ซ้อนหรือบวกเพิ่มเข้าไป
487,上の空,うわのそら,"1.ใจลอย,เหม่อ 2.ทำแบบลวกๆ,ไม่แน่นอน 3.บนท้องฟ้า บนฟ้า"
488,上乗り,うわのり,การโดยสารบนกองสินค้าที่บรรทุกอยู่บนรถหรือเรือ
489,上履,うわばき,รองเท้าใส่ในบ้าน
490,上履き,うわばき,รองเท้าใส่ในบ้าน
491,上辺,うわべ,"รูปลักษณ์ภายนอก,เปลือกนอก"
492,上前,うわまえ,"สาบเสื้อด้านที่อยู่ข้างบน,ส่วนที่ถูกชักเป็นค่านายหน้า"
493,上回る,うわまわる,"เกิน,มากกว่า,เหนือกว่า"
494,上向く,うわむく,"เงยหน้า,เชิดขึ้น,กระเตื้องขึ้น,ดีขึ้น"
495,上目使い,うわめづかい,เหลือบตาขึ้นมอง
496,上家,うわや,"ศาลารอรถที่มีหลังคากันแดดกันฝน,โกดังท่าเรือ"
497,上屋,うわや,"ศาลารอรถที่มีหลังคากันแดดกันฝน,โกดังท่าเรือ"
498,上役,うわやく,"เจ้านาย,ผู้บังคับบัญชา,ผู้มีตำแหน่งสูงกว่า"
499,植わる,うわる,"มีปลูกไว้,ถูกปลูก"
500,うん,うん,"เออ,อืม,ใช่"
501,運,うん,โชค
502,運営,うんえい,การจัดการ การบริหาร
503,運河,うんが,ทางน้ำ คลอง
504,運が良い,うんがよい,โชคดี
505,運が悪い,うんがわるい,โชคร้าย
506,運休,うんきゅう,การหยุดหรืองดเที่ยวเดินรถหรือพาหนะต่าง ๆ
507,運行,うんこう,"การเดินรถหรือรถไฟ,การโคจรของวัตถุ"
508,うんこ,うんこ,ขี้ อุจจาระ 
509,うんこを漏らす,うんこをもらす,ขี้แตก
510,うんざり,うんざり,"เอือมระอา,เหนื่อยหน่าย"
511,運勢,うんせい,โชคชะตา
512,運送,うんそう,การขนส่ง(สินค้า)
513,運送費,うんそうひ,ค่าขนส่ง
514,蘊蓄・薀蓄,うんちく,1.ความรู้ที่สั่งสมมา 2. เก็บของสะสมไว้
515,運賃,うんちん,"ค่าโดยสาร,ค่าขนส่ง"
516,雲泥の差,うんでいのさ,ต่างกันราวฟ้ากับดิน
517,運転,うんてん,การขับรถ
518,運転者,うんてんしゃ,คนที่กำลังขับรถ
519,運転手,うんてんしゅ,คนขับรถ
520,運転する,うんてんする,ขับรถ
521,運転席,うんてんせき,ที่นั่งคนขับ
522,運転免許,うんてんめんきょ,ใบขับขี่
523,運転免許書,うんてんめんきょしょ,ใบขับขี่
524,運転免許証,うんてんめんきょしょう,ใบขับขี่
525,うんと,うんと,"อย่างแรง,อย่างหนัก,อย่างจัง"
526,運動,うんどう,"การออกกำลังกาย,การเล่นกีฬา,การเคลื่อนที่"
527,運動エネルギー,うんどうエネルギー,"พลังงานจลน์,พลังงานที่เกี่ยวกับการเคลื่อนไหวของวัตถุ"
528,運動会,うんどうかい,งานแข่งขันกีฬาสี
529,運動学,うんどうがく,"กลศาสตร์ที่เกี่ยวกับการเคลื่อนที่,kinematics"
530,運動靴,うんどうぐつ,รองเท้าพละ
531,運動場,うんどうじょう,"สนามกีฬา,สถานที่เล่นกีฬา"
532,運動する,うんどうする,"ออกกำลังกาย,บริหาร"
533,運動選手,うんどうせんしゅ,นักกีฬา
534,運動場,うんどうば,"สถานที่เล่นกีฬา,สนามกีฬา"
535,運動量,うんどうりょう,พละกำลัง
536,云云,うんぬん,"1.คำใส่ท้ายคำพูดหรือประโยคที่ยกมาเพื่อแสดงการละส่วนที่เหลือ 2.พูดโน่นพูดนี่,บ่นโน่นบ่นนี่,แทรกพูด 3.เรื่องที่พูดไม่ได้ หรือ อธิบายได้ยาก"
537,云々,うんぬん,"1.คำใส่ท้ายคำพูดหรือประโยคที่ยกมาเพื่อแสดงการละส่วนที่เหลือ 2.พูดโน่นพูดนี่,บ่นโน่นบ่นนี่,แทรกพูด 3.เรื่องที่พูดไม่ได้ หรือ อธิบายได้ยาก"
538,蘊奥,うんのう,แก่นหรือหัวใจของศาสตร์
539,運搬,うんぱん,"การขนย้าย,การพัดพาไป"
540,運筆,うんぴつ,"การลากพู่กัน (ในการเขียนด้วยพู่กันจีน),ลายเส้น"
541,運命,うんめい,"วาสนา,โชคชะตา"
542,運命線,うんめいせん,เส้นวาสนา
543,運命論,うんめいろん,การเชื่อโชคชะตา
544,運命論者,うんめいろんしゃ,คนที่เชื่อโชคชะตา
545,雲母,うんも,แร่ชนิดหนึ่งเป็นผลึก 6 เหลี่ยม เป็นเงาวาว คล้ายกระจก
546,運輸,うんゆ,การขนส่ง
547,運輸局,うんゆきょく,กรมขนส่ง
548,運輸省,うんゆしょう,กระทรวงการขนส่งและคมนาคม (ของญี่ปุ่น)
549,運輸大臣,うんゆだいじん,รัฐมนตรีว่าการกระทรวงการขนส่งและคมนาคม (ของญี่ปุ่น)
550,"<a href=""/dictionary/show/3330"">運用</a>",うんよう,"1.การใช้ให้เกิดประสิทธิภาพ,การนำมาใช้ให้เกิดประโยชน์ 2.(ศัพท์ทางทหาร) การลงมือปฏิบัติ,การลงมือทำ"
551,"<a href=""/dictionary/show/3331"">運よく</a>",うんよく,"อย่างโชคดี,อย่างดวงดี"
552,"<a href=""/dictionary/show/3332"">運良く</a>",うんよく,"อย่างโชคดี,อย่างดวงดี"
553,雲量,うんりょう,ปริมาณเมฆฝน
554,運悪く,うんわるく,"โชคไม่ดี,โชคร้าย"
555,内に折り返す,うちにおりかえす,โหม่งบอลย้อนกลับเข้าใน (เช่น เข้าไปในเขตโทษ)
556,運転を再開する,うんてんをさいかいする,เดินรถอีกครั้ง (เช่น รถไฟ)
557,生みの親,うみのおや,ผู้ให้กำเนิด ต้นตำรับ 
558,腕を引き上げる,うでをひきあげる,พัฒนาฝีมือขึ้น
559,売り上げが落ち込む,うりあげがおちこむ,ยอดขายตกต่ำ 
560,饂飩屋,うどんや,ร้านขายอุด้ง
561,饂飩粉,うどんこ,แป้งอุด้ง
562,饂飩粉病,うどんこびょう,"โรคราแป้ง,โรคเชื้อราที่ขึ้นเป็นดวงบนสิ่งที่ชื้น"
563,鰻丼,うなぎどんぶり,ข้าวหน้าปลาไหล
564,鰻丼,うなどん,ข้าวหน้าปลาไหล
565,ウハウハ,うはうは,ดีใจจนเนื้อเต้น ดีใจสุดๆ ดีใจมากๆ ดีใจจนแก้มปริ ดีใจยิ้มไม่หุบ
566,うかうか,ウカウカ,"1. สภาพที่วิตก ไม่นิ่ง
2. สภาพที่ประมาทรอบข้าง สภาพที่ทำไรโดยไร้แผนการ"
567,売りオペレーション,うりおぺれーしょん,เป็นศัพท์การเงิน หมายถึง การที่ธนาคารแห่งประเทศ หรือ ธนาคารกลาง ขายหนี้คืนแก่ธนาคารเอกชน หรือ ธนาคารทั่วไป เพื่อไม่ให้เกิดสภาวะเงินเฟ้อ หรือ สภาวะเงินล้นตลาด เนื่องมาจาก ธนาคารปล่อยกู้มากเิกินไป ตรงกันข้ามกับคำว่า 買いオペレーション
568,売りオペ,うりおぺ,เป็นศัพท์ย่อทางการเงิน หมายถึง การที่ธนาคารแห่งประเทศ หรือ ธนาคารกลาง ขายหนี้คืนแก่ธนาคารเอกชน หรือ ธนาคารทั่วไป เพื่อไม่ให้เกิดสภาวะเงินเฟ้อ หรือ สภาวะเงินล้นตลาด เนื่องมาจาก ธนาคารปล่อยกู้มากเิกินไป ตรงกันข้ามกับคำว่า 買いオペレーション
569,魚の目,うおのめ・さかなのめ,ตาปลา เป็นอาการ ที่มีการบวมขึ้นมาที่ผิวหนัง
570,うずうず,ウズウズ,1.อยากจนตัวสั่น　ลุกลี้ลุกลน 2.สภาพคันแผล หรือ เกาแผลที่ยังไม่หายเจ็บ 3. สภาพขยับเขยื้อนเล็กน้อย
571,浮き足,うきあし,1.ปลายเท้าสัมผัสอะไรซักอย่าง 2.ท่าทีที่ไม่นิ่ง ไม่สงบ ราวกับต้องการจะหนีจากอะไรซักอย่าง
572,浮き腰,うきごし,ท่าทีที่ไม่นิ่ง ไม่สงบ ราวกับต้องการจะหนีจากอะไรซักอย่าง
573,ウレタン,うれたん,ยาง จำพวก ฟองน้ำ
574,うける,うける,"เป็นที่ถูกอกถูกใจ,เป็นที่นิยม"
575,打ち解ける,うちとける,"1.สนิทสนมแบบเปิดใจ,เปิดใจคบ 2.ละลาย "
576,うまうま,うまうま,ภาษาเด็กเล็ก หมายถึง ของกิน
577,討ち取る・打ち取る・撃ち取る,うちとる,1.แย่งชิง 2.ฆ่า 3.ชนะ ทำให้อีกฝ่ายแพ้ 
578,"<a href=""/dictionary/show/42479"">鵜呑み</a>",うのみ,"การรับข้อมูลเข้าไปโดยไม่ไตร่ตรอง หรือ คิดก่อน,การหลงเชื่อข้อมูลอะไรสักอย่างโดยไม่คิดให้ดีก่อน"
579,うわばみ,うわばみ,งูเหลือม
580,裏口を合わせる,うらくちをあわせる,เตี๊ยมกัน 
581,俯ける,うつむける,ก้มหน้าลง
582,うつぶせ,うつぶせ,ก้มหน้าลง สภาพคว่ำลง
583,嘘偽り,うそいつわり,เรื่องโกหก ไม่จริง เรื่องเท็จ 
584,裏ボス,うらボス,"บอสลับ,หัวหน้าลับ (ในเกม เป็นต้น)"
585,雨天走行,うてんそうこう,วิ่ง หรือ ขับตอนฝนตก
586,ウコン,うこん,ขมิ้น
587,売り市場,うりしじょう,bear market ตลาดหมี ภาวะที่ตลาดหุ้นมีภาวะตกต่ำต่อเนื่องเป็นระยะเวลานาน
588,内川,うちかわ,นามสกุลคนญี่ปุ่น อุจิคาวะ
589,内海,うつみ,นามสกุลคนญี่ปุ่น ชื่อ อุซึมิ
590,"<a href=""/dictionary/show/43443"">受け流す</a>",うけながす,"1.ปัดป้อง,รับแล้วผลักออก,รับเพื่อผ่อนและปัดออก 2.หลบหลีก,ปัด,เลี่ยงได้ดี"
591,売れ筋,うれすじ,ของที่ขายง่าย ขายดี ในหมวดเดียวกัน
592,売れ線,うれせん,ของที่ขายง่าย ขายดี ในหมวดเดียวกัน
593,うまうまと,うまうまと,อย่างดี อย่างไหลรื่น อย่างราบรื่น
594,産みの苦しみ,うみのくるしみ,ความยากลำบากในการคิดค้น
595,牛原,うしはら,นามสกุลคนญี่ปุ่น อุชิฮาระ
596,腕ひしぎ十字固め,うでひしぎじゅうじかため,ท่าอาร์มบาร์ ท่าล๊อคแขนด้วยขาแล้วยืดเพื่อให้คู่ต่อสู้ยอมแพ้
597,裏肩固め,うらかたかため,ท่าล๊อคคอแบบสอดใต้บ่าจากด้านหลัง
598,腕を磨く,うでをみがく,ขัดเกลาฝีมือ ฝึกฝีมือ
599,腕っ節,うでっぷし,พลังแขน แรงแขน พลังของกล้ามเนื้อ
600,宇宙人,うちゅうじん,มนุษย์ต่างดาว
601,窺い知る・伺い知る,うかがいしる,พอคาดการณ์ได้ พอเดาได้ 
602,海蛍,うみほたる,หิ่งห้อยทะเล
603,打換・打ち換え,うちかえ,การซ่อมแซม หรือ แก้ไขส่วนที่เสียหาย ให้ดีดังเดิม
604,生まれつき,うまれつき,เป็นธรรมชาติ　เป็นตั้งแต่กำเนิด เป็นตั่งแต่เกิด
605,薄手材,うすでざい,"Material  Thin
"
606,腕試し,うでだめし,"ทดสอบฝีมือ,ลับฝีมือ,ลองของ"
607,牛原,うしはら,นามสกุลคนญี่ปุ่น อุชิฮาระ
608,疎ましい,うとましい,"น่ารังเกียจ,น่าสะอิดสะเอียน,ไม่ถูกใจ,ไม่ลงรอยกัน"
609,疎んじる,うとんじる,"หลีกเลี่ยง,หลบหลีก"
610,疎む,うとむ,"หลบหลีก,หลีกเลี่ยง"
611,魘される,うなされる,ฝันร้าย (สภาพร้องครวญครางเสียงดังเพราะเห็นฝันร้าย)
612,項垂れる,うなだれる,"1.นั่งคอตก 2.เหี่ยวเฉา,ห่อเหี่ยว,เสียกำลังใจ,หมดหวัง"
613,唸らせる,うならせる,"ฮึกฮักแสดงความไม่พอใจ,แปลกใจ"
614,唸り,うなり,"โหยหวน,ร้องคร่ำครวญ,คำราม,หึ่ง(ของผึ้ง),เสียงพึมพำ,พูดเสียงพึมพำ"
615,うねうね,うねうね,"ม้วน,เลี้ยวลด,คดเคี้ยวไปมา"
616,奪い合い,うばいあい,"การเบียดเสียด,การช่วงชิง"
617,奪い合う,うばいあう,"ช่วงชิง,เบียดเสียด,แย่งชิง"
618,奪い返す,うばいかえす,"รับได้(ชัยชนะ)กลับคืนมา,ยึดมาคืน,เรียกคืน"
619,雨氷,うひょう,"ฝนเยือกแข็ง,ฝนน้ำแข็ง,เคลือบน้ำแข็ง (Freezing rain)"
620,宜,"うべ,むべ",จริงๆ เป็นเช่นนั้น สมเหตุสมผล
621,うがい薬・嗽薬,うがいくすり,ยากลั้วคอ
622,薄手,うすで,1.แผลเล็กน้อย บาดเจ็บเล็กน้อย แผลไม่ลึก 2. เนื้อผ้าบาง บาง ไม่หนา 3. ดูแล้วไร้ราคา ไม่เพียงพอ 
623,疼く,うずく,เจ็บแปลบๆ เจ็บแบบจี๊ดๆ คันๆ 
624,牛妻 ,うしづま,ตำบล อุชิซึมะ ในจังหวัด ชิซึโอกะ
625,雲海,うんかい,ทะเลหมอก
626,馬の骨,うまのほね,ไม่รู้หัวนอนปลายเท้า (คน)
627,売り場	,うりば,สถานที่ขาย
628,憂さ晴らし•うさ晴らし,うさばらし,"คลายเคลียด,ปลดทุกข์"
629,憂さ晴らしに酒を飲む,うさばらしにさけをのむ,ดื่มเหล้าคลาดเคลียด ดื่มลืมทุกข์
630,裏を取る,うらをとる,"1.การสืบเสาะ หรือ แสวงหาความจริง ของ ตำรวจ หรือ หนังสือพิมพ์ 2.ภาษาฟุตบอลหมายถึง ตัดหลัง,ทะลุหลัง"
631,裏を言う,うらをいう,การพูดสิ่งที่ไม่มีอยู่ในใจ
632,植え付ける・植えつける,うえつける,1. ปลูกเลี้ยงดูโดยการย้ายต้น 2. ประทับลง ให้ตราตรึงลงเบื้องลึกของความทรงจำ หรือ จำให้ขึ้นใจ ใช้กับพวก ความประทับใจ หรือ ความเห็น เป็นต้น 3.ปลูกถ่าย (ผิวหนัง)
633,上には上がある,うえにはうえがある,เหนือฟ้ายังมีฟ้า
634,歌録り,うたどり,การอัดเสียงเพลง
635,呻き声,うめきごえ,เสียงร้องครวญคราง
636,裏をかく,うらをかく,"1.แทงทะลุถึงด้านด้านหลัง
2.เล่นแผนซ้อนแผน ทำสิ่งที่เกินความคาดหมายของอีกฝ่าย"
637,雲南,うんなん,เมืองยูนาน มณฑลยูนนาน
638,烏合,うごう,การรวมตัวกันอย่างไร้ระเบียบ ไม่เป็นอันหนึ่ง
639,烏合の衆,うごうのしゅう,1.กองทหาร กองทัพ ฝูงชน ที่รวมตัวกันอย่างไร้ระเบียบไม่เป็นอันหนึ่ง 2.กลุ่มพวกไร้ประโยชน์ 
640,受け答え,うけこたえ,การตอบคำถามในสิ่งที่ถูกถาม
641,動く歩道,うごくほどう,ออโต้วอร์ค autowalk บันไดเลื่อนแบบเรียบ
642,頷ける,うなずける,เหมาะสม สมเหตุสมผล
643,馬が合う,うまがあう,ถูกคอ คอเดียวกัน
644,内沙汰,うちざた,1. เรื่องราวปรากฏไม่เป็นที่ประจักษ์ออกมา 2. คดีความ หรือ การฟ้องร้อง ที่ทำภายใน ไม่ออกสื่อ
645,打ちのめす,うちのめす,1.ตีกระหน่ำให้คว่ำ 2. ทำความเสียหายให้กับ ร่างกาย หรือ จิตใจ
646,打ち払う,うちはらう,1. ปัดกวาด ให้สะอาด 2. ไล่ ใช้ปืนยิงไล่
647,浮き球のワンツー,うきたまのわんつー,ชิ่งหนึ่งสอง แบบ ยกลูกลอย 
648,浮き球,うきたま,ลูกลอย ลูกยก
649,運営母体,うんえいぼたい,บริษัทแม่ที่ทำหน้าที่บริหาร
650,受け手,うけて,ผู้รับ ผู้รับข้อมูล
651,売り越し,うりこし,ศัพท์การเงิน หมายถึง การเทขายในตลาดหุ้น
652,うだうだ,ウダウダ,พูดไม่เข้าเรื่อง พูด หรือ ทำอยู่นั่น
653,うだうだしい,うだうだしい,เหวอ บ๊องๆ ต๊องๆ 
654,馬には乗ってみよ、人には慕う見よ,うまにはのってみよ、ひとにはそうてみよ,ของทุกอย่างไม่ลองไม่รู้
655,雨安居入り,うあんごいり,วันเข้าพรรษา เข้าพรรษา
656,海開き,うみびらき,เปิดให้ลงเล่นน้ำทะเลได้ 
657,打ち出す,うちだす,1.เน้นคำว่า だす ที่หมายถึง เอาออกมา นำออกมา 2. เคาะออกมา ทุบออกมา 3. เริ่มทุบ เริ่มเคาะ เริ่มตี 4. ชนะเพื่อทำกำไร
658,鬱屈,うっくつ,"ความอึมครืม,จิตใจแห้งเหี่ยว ห่อเหี่ยว"
659,売り時,うりどき,ช่วงเวลาที่เหมาะกับการขาย
660,受付機,うけつけき,เครื่องทำรายการ เครื่องกดบัตรคิว
661,受付票,うけつけひょう,บัตรคิว บัตรรอทำรายการ
662,売り惜しむ,うりおしむ,"เก็งกำไร,ไม่ขายวันนี้,รอขายช่วงที่ราคาดี"
663,運行状況,うんこうじょうきょう,สภาพการเดินรถ
664,歌われる,うたわれる,1. ได้รับเสียงชื่นชม ได้รับคำชม 2.　ได้รับการบ่งชี้มาอย่างชัดเจน แสดง หรือ มีลักษณะเป็นเช่นนั้น
665,うだつが上がらない,うだつが上がらない,แจ้งเกิดไม่ได้ ไม่ได้เกิด ไม่ก้าวหน้า ชีวิตไม่ดีขึ้น ไม่เป็นสุข
666,売り優勢,うりゆうせい,ศัพท์การเงิน หุ้น หมายถึง มีแนวโน้มเทขายกันทั่ว 
667,運賃と保険料込み,うんちんとほけんりょうこみ,"CIF　หรือ Cost, Insurance and Freight ผู้ขายมีหน้าที่ต้องจัดหาเรือที่ท่าเรือต้นทางเพื่อขนส่งสินค้าไปยังเมืองปลายทาง และผู้ขายต้องรับผิดชอบค่าเช่าเรือ  ความเสี่ยงภัยของสินค้า หรือภาระค่าใช้จ่ายที่อาจเกิดขึ้นกับสินค้าขณะขนส่งจากท่าเรือต้นทางถึงท่าเรือปลายทาง ดังนั้นเพื่อเป็นการป้องกันความเสี่ยงภัย ผู้ขายถึงจะจัดทำการประกันภัยระหว่างการขนส่งสินค้า"
668,裏方をやる,うらかたをやる,ทำงานเบื้องหลัง
669,うるうる,うるうる,ชุ่มช่ำ ชุ่มชื้น โดยมาก ใช้กับ ดวงตาที่มีน้ำตาคลอ
670,鶯,うぐいす,นกไนติงเกล
671,うち語,うちご,ภาษา หรือ คำพูดที่ใช้ภายในบ้าน ซึ่ง บางทีคนนอกครอบครัวฟ้ังแล้วไม่เข้าใจ
672,運河水門,うんがすいもん,ประตูกั้นน้ำที่คลอง
673,討入り・討ち入り,うちいり,การบุกเข้าโจมตี พื้นที่ ของศัตรู
674,渦巻き,うずまき,1. น้ำวน 2. ลาย หรือ รูปร่างที่คล้ายกับน้ำวน 
675,渦巻く,うずまく,"1. วน หรือ หมุนไปมาคล้ายกับน้ำวน 2.(ความคิด หรือ ความรู้สึก) วุ่นวายสับสน,แล่นไปมาจนสับสน"
676,ウヨ,うよ,1.ปีกขวา　2.พวกขวาจัด คือ รูปแบบเผด็จการ ลักษณะ ฟาสต์ซิส คือ การรูปแบบ เผ็ดจการทุนนิยม ธนาธิปไตย เป็นต้น(มือยาวสาวได้สาวเอา) ส่วนขวาปกติ คือ รัฐทุนนิยม เสรีนิยม เสรีประชาธิปไตย 
677,うかと,うかと,อย่างเผลอเรอ พลาดพลั้ง 
678,打ち負かす,うちまかす,"1. ตี หรือ ทำร้ายจนอีกฝ่ายยอมแพ้ 2.พิชิต,ทำให้แพ้ราบคาบ,ถล่มเอาชนะไป
"
679,後ろ髪を引かれる,うしろがみをひかれる,อาลัยอาวรณ์ ตัดไ่ม่ขาด
680,恨み重なる,うらみかさなる,ฝังแค้น จงเกลียดจงชัง
681,裏を返す,うらをかえす,"1.เลือกเด็กผู้หญิงคนเดิมอีกครั้ง,เลือกซื้อบริการเด็กที่เราเคยขึ้นด้วยอีกครั้ง 2.ทำซ้ำอีกครั้ง 3.พูดก็พูด (ใช้ในรูป 裏を返せば)"
682,項・脰,うなじ,ท้ายทอย ท้ายคอ หลังคอ
683,腕利き,うできき,คล่องแคล่วว่องไว จัดการได้อย่างคล่องแคล่ว รวดเร็ว 
684,右脳,うのう,สมองซีกขวา
685,うつぼ,ウツボ,ปลาไหลมอเรย Muraenidae
686,売上総利益,うりあげそうりえき,"อัตรากำไรขั้นต้น,กำไรจากยอดขาย (gross profit )"
687,内貸し,うちがし,จ่ายล่วงหน้าก่อน
688,うじうじ,ウジウジ,ลังเล ไม่แน่ใจ ยึกยัก
689,うるう年,うるうどし,ปีอธิกสุรทิน ปีที่เดือนกุมภาพันธ์ มี ๒๙ วัน
690,浮き足になる,うきあしになる,"ขวัญหนีดีฝ่อ,รับมือกับสิ่งที่อยู่ตรงหน้าไม่ไหว (เพราะความกลัว หรือ ความกังวล)"
691,打ち拉ぐ,うちひしぐ,1. ทำลาย หรือ ทุบคู่แข่งให้แพ้ราบ 2. มักใช้ในรูป ถูกกระทำ หมายถึง สูญเสียกำลังใจ หรือ ความตั้งใจไปเสียหมด 
692,初々しい,ういういしい,มือใหม่ ไม่คุ้นเคย ไม่เคยชิน
693,運命の人,うんめいのひと,เนื้อคู่
694,恨みっこ,うらみっこ,ต่างฝ่ายต่างโกรธแค้นซึ่งกันและกัน 
695,恨みっこなし,うらみっこなし,"ไม่ติดใจกัน,ไม่ถือโทษโกรธแค้นกัน"
696,内張り,うちばり,ติด หรือ แปะด้านใน ภายใน
697,売り上げを押し上げる要因になっている,うりあげをおしあげるよういんになっている,เป็นปัจจัยที่ช่วยผลักดันให้ยอดขายเติบโตขึ้น
698,虚ろ,うつろ,1.กลวง โบ๋ ว่างเปล่า 2. หัวใจว่างเปล่า เหม่อลอย 3. ไม่มีเนื้อหา ไร้เนื้อหา 
699,ウトウト,うとうと,"1.เผลอหลับ,เผลองีบ 2.ซึมกะทือ,ง่วงเหงา,ซึมเซา,งัวเงีย"
700,請け合い・受け合い,うけあい,1.ยืนยัน สัญญา  2.รับประกัน รับปาก
701,受け合う・請け合う,うけあう,สัญญา รับปาก รับประกัน 
702,裏返し,うらがえし,"1. พลิกจากหลังมาเป็นหน้า พลิกด้านหลังขึ้น 2.คิดในมุมกลับ,คิดอีกแง่หนึ่ง,แสดงออกมาอีกแง่หนึ่ง 3.แสดงออกมาไม่ถูกหลัก ไม่ถูกต้อง"
703,裏口営業,うらぐちえいぎょう,"การขายของผิดกฎหมาย,ธุรกิจที่ผิดกฎหมาย"
704,裏口入学,うらぐちにゅうがく,การเข้าเรียนโดยการติดสินบน
705,腕まくり,うでまくり,การพับ(แขนเสื้อ) ขึ้น 
706,上目遣い,うわめづかい,การแหงนตามอง 
707,打ち抜く,うちぬく,1. เน้นกริยาคำว่า 抜く 2. เปิดรู แหวก เจาะรู 3. จัดงานจนถึงท้ายที่สุด 4.ยิงทะลุ เป่าทะลุ
708,撃ち抜く,うちぬく,ยิงทะลุ เป่าทะลุ
709,運営面での情報交換,うんえいめんでのじょうほうこうかん,การแลกเปลี่ยนข้อมูลในเชิงบริหาร
710,上から目線,うえからめせん,"การเหยียดหยาม, การดูหมิ่น, การดูถูก"
711,嘘で塗り固める,うそでぬりかためる,โกหกกลบเกลื่อน
712,埋め込みコード,うめこみこーど,Embled โค๊ดที่เอาไว้ฝังลงเพื่อเล่นคลิปวีดีโอ
713,内数,うちすう,ตัวเลขที่นับรวมอยู่ด้วย ตัวเลข หรือ จำนวนที่รวมอยู่ในนั้น
714,薄っぺらい,うすっぺらい,"บาง,ตื้นๆ,ผิวเผน,ไม่น่าเชื่อถือ"
715,器が小さい,うつわがちいさい,ใจแคบ ขี้เหนียว ปอดแหก 
716,腕を落とす,うでをおとす,ฝืมือตก 
717,うかがわせる,うかがわせる,ทำให้รู้สึก ยิ่งกระตุ้นมากขึ้นไปอีก
718,上前を撥ねる,うわまえをはねる,เก็บค่าธรรมเนียม หรือ เก็บเงินส่วนกำไรมาก่อนหัก **มักใช้ในแวดวงพวกยากูซ่าเรียกเก็บเงินพวกร้านค้า
719,うぽつ,うぽつ,ขอบคุณที่อัพโหลดขึ้นมาให้ดู หรือ ฟัง (ย่อมาจาก Upload Otsukaresama)
720,浮気に走る,うわきにはしる,เริ่มมีชู้
721,生まれ持つ,うまれもつ,พรสวรรค์ สิ่งที่ติดตัวมาตั้งแต่กำเนิด
722,運の尽き,うんのつき,1.บุญวาสนาหมดแล้ว คงทำบุญมาแค่นี้ 2. ความโชคดีหมดแล้ว ดวงหมดแล้ว
723,ウケ狙い・うけ狙い,うけねらい,เน้นฮา เล็งเอามัน 
724,運賃をふっかける,うんちんをふっかける,โก่งราคาค่าโดยสาร 
725,上ばかり見ていると足元がすくわれる,うえばかりみているとあしもとがすくわれる,ทำอะไรอย่าประมาทมิเช่นนั้นอาจโดนเขี่ยตกจากบัลลังค์ได้
726,海側,うみがわ,"ทิศทางสู่ทะเล,ไปยังทะเล, ทางด้านทะเล "
727,羨む,うらやむ,อิจฉา
728,窺える,うかがえる,"สัมผัสได้,รู้สึกได้,สังเกตได้"
729,窺い知る,うかがいしる,พอคาดเดาได้ 
730,裏帳簿,うらちょうぼ,สมุดบัญชีลับ บัญชีลับ
731,訴えを提出する,うったえをていしゅつする,ยื่นคำร้อง ยื่นให้ตีความ
732,迂回融資,うかいゆうし,การปล่อยสินเชื่อทางอ้อมเกินวงเงิน เป็นหนึ่งในวิธีการปล่อยสินเชื่อที่ผิดกฎหมาย
733,うしろめたさを感じる,うしろめたさをかんじる,รู้สึกผิด รู้สึกเสียใจในสิ่งที่ทำลงไป
734,うんともすんとも,うんともすんとも,ไม่มีแม้แต่คำพูด ไร้ซึ่งคำตอบโต้ 
735,うんともすんとも言わない,うんともすんともいわない,ไม่มีแม้แต่คำพูด ไร้ซึ่งคำตอบโต้ 
736,盂蘭盆,うらんぼん・うらぼん,"เทศกาลบง(โอบง) เป็นเทศกาลตามประเพณีของศาสนาพุทธโบราณ 
มักจะจัดขึ้นในช่วงวันที่ 13-16 กรกฏาคม หรือ สิงหาคม ซึ่งเป็นช่วงฤดูร้อนของทุกปี
ตามปฏิทินทางจันทรคติเชื่อว่าเป็นเวลาที่วิญญาณของผู้ที่เสียชีวิตไปแล้วจะคืนกลับมาบ้านของตน"
737,内腿,うちもも,น่องด้านใน ง่ามขาด้านใน
738,裏庭,うらにわ,สวนหลังบ้าน สถานที่ ที่อยู่ข้่างเคียง
739,鬱葱(と),うっそう(と),"(สภาพพงหญ้า)รกทึบ,หนาแน่น "
740,打って付け,うってつけ,เ่ข้ากันพอดี เข้ากัน เหมาะสม 
741,宇治抹茶,うじまっちゃ,ชาเขียว จากเมือง Uji แหล่งผลิตใบชาที่ดังที่สุด 1　ใน 3　ของญี่ปุ่น
742,海坊主,うみぼうず,อุมิโบสุ เป็นปีศาจที่ปรากฏในทะเล  และเจ้าปีศาจพวกนี้มักออกมาปรากฏตัวให้เห็นบ่อยๆเจ้าอุมิโบสุมีลักษณะตัวใหญ่ กลม ผิวสีดำ ลื่นๆ มักปรากฏตัวขึ้นแล้วทำให้เรื่ออับปางเพราะด้วยความใหญ่ของมันสามารถทำให้เกิดคลื่นใหญ่ได้ด้วยเหตุนี้มันจึงเป็นปีศาจที่สร้างความเดือดร้อนให้แก่มนุษย์
743,浮気した亭主を妻が射殺する,うわきしたていしゅをつまがしゃさつする,ภรรยายิงสามีด้วยเรื่องเจ้าชู้
744,売り注文,うりちゅうもん,คำสั่งขาย(หุ้น หรือ สินค้า)
745,打ち勝つ・打ち克つ,うちかつ,ก้าวข้าม เอาชนะ ฝ่าฟัน (อุปสรรค เป็นต้น)
746,裏口献金,うらぐちけんきん,เงินบริจาคลับ เงินบริจาคใต้โต๊ะ
747,馬を水場まで連れて行くことはできても、水を飲ませることはできない,うまをみずばまでつれていくことはできても、みずをのませることはできない,เป็นสำนวนเปรียบเทียบหมายถึง ว่า ถ้าเจ้าตัวไม่มีความตั้งใจ ไม่มีความอยากเรียนรู้ ต่อให้สอนหรือป้อนให้เท่าไรก็ไม่เกิดประโยชน์
748,馬を水辺に連れていけても、水を飲ませることはできない,うまをみずべにつれていけても、みずをのませることはできない,เป็นสำนวนเปรียบเทียบหมายถึง ว่า ถ้าเจ้าตัวไม่มีความตั้งใจ ไม่มีความอยากเรียนรู้ ต่อให้สอนหรือป้อนให้เท่าไรก็ไม่เกิดประโยชน์
749,移ろい行く,うつろいいく,เปลี่ยนแปลงไปอย่างรวดเร็ว 
750,"<a href=""/dictionary/show/56185"">打ち立てる</a>",うちたてる,ตั้งขึ้น สร้างขึ้น ผุดขึ้น
751,瓜二つ,うりふたつ,หน้าตาคล้ายกันอย่างกับแกะ
752,鰻重・うな重,うなじゅう,ข้าวหน้าปลาไหล
753,裏表紙,うらひょうし,หน้าปกหลัง ปกหลัง
754,宇宙弾道飛行,うちゅうだんどうひこう,Sub-orbital flight หมายถึงการบินที่ความสูงเหนือกว่า 100 กิโลเมตร แต่ด้วยความเร็วที่ยังไม่เพียงพอที่จะเข้าสู่วงโคจรรอบโลก แม้ว่าจะยังไม่มีผู้ดำเนินการเชิงพาณิชย์ แต่ใน ค.ศ. 2004 SpaceShipOne ได้แสดงให้เห็นว่าเป็นไปได้ และกำลังมีการแข่งขันกันเพื่อเปิดให้บริการเชิงพาณิชย์
755,"<a href=""/dictionary/show/56389"">鬱憤</a>",うっぷん,"ความโกรธ,ความแค้นที่เก็บอัดอั๊นไว้ในใจ"
756,雲南省,うんなんしょう,มณฑลคุนหมิง
757,"<a href=""/dictionary/show/56541"">打たれ強い</a>",うたれづよい,"ทนทายาด,หนังเหนียว"
758,売りが膨らむ,うりがふくらむ,แรงขายเพิ่มขึ้น
759,運営経費,うんえいけいひ,ค่าใช้จ่ายในการดำเนินการ 
760,内弟子,うちでし,ลูกศิษย์ที่ฝึกวิชาโดยการอยู่กินนอนบ้านอาจารย์
761,うつ伏せ寝,うつぶせね,นอนคว่ำ
762,穿ち過ぎ,うがちすぎ,ดูผิดไป ( นิสัยคน หรือ สิ่งของ ) อคติเกินไป
763,穿ち,うがち,เปิดเผยเรื่องราวเบื้องหลังที่คนทั่วไปไม่รู้ 
764,雲泥万里,うんでいまんり,ห่างกันราวกับฟ้ากับดิน 
765,内堀,うちぼり,แนวชั้นใน แนวขุดชั้นใน คูรอบใน (ของสถานที่ เช่น ปราสาท)
766,売り叩く,うりたたく,"1.ทุบขาย,เทขายเพื่อกดราคาภาพรวมในตลาดให้ลดลง 2. ตัดใจขาย"
767,売り上げ歩率・売上歩率,うりあげぶりつ,อัตราจ่ายค่าแรง หรือ ค่าใช้พื้นที่ตามสัดส่วนของยอดขายที่ขายได้
768,遣わされる,うかわされる,ประทานให้ มอบให้มา
769,うわ言,うわごと,การละเมอพูดอะไรออกมาตอนไม่สบายหนัก เช่น ไข้ขึ้นสูง
770,噂が一人歩きする,うわさがひとりあるきする,ปล่อยข่าวลือ
771,雨季作,うきさく,นาปี
772,雨季の作付け,うきのさくづけ,นาปี
773,運営権,うんえいけん,สิทธิในการบริหารจัดการ
774,渦の中に巻き込まれる,うずのなかにまきこまれる,ถูกดึงเข้าไปในวังวน
775,移り変わる,うつりかわる,เปลี่ยนแปลงไป
776,上辺だけの付き合い,うわべだけのつきあい,คบไปงั้นแหล่ะ คบแบบไม่จริงจัง (เป็นเพื่อนกัน)
777,右翼団体,うよくだんたい,กลุ่มอนุรักษ์ขวาจัด
778,ウィジウィグ,うぃじうぃぐ,"WYSIWYG มาจากคำว่า (What you see is what you get) 
คือการที่โปรแกรมจะประมวลผลคำ เช่น การแสดงภาพขึ้นจอจะถูกพิมพ์ออกมาตามนั้น ซึ่งแตกต่างจากเมื่อก่อนที่จะไม่แสดงทางหน้าจอว่ากว้างหนายังไงจนกว่าจะพิมพ์ออกมา แต่เดี๋ยวนี้สามารถทำได้แบบตามที่เห็นบนจอแล้ว "
779,ウロチョロ,うろちょろ,เพ่นพ่านไปมา เจ๊าะแจ๊ะไปมา (ขัดลูกหูลูกตา)
780,上瞼,うわまぶた,เปลือกตาด้านบน
781,鬱病・うつ病,うつびょう,โรคซึมเศร้า (major depressive disorder)
782,浮気は男の甲斐性,うわきはおとこのかいしょう,เจ้าชู้เป็นเรื่องธรรมดาของลูกผู้ชาย (เป็นคำพูดให้ท้ายผู้ชายที่มีฐานะการเงินดี ความรับผิดชอบดี ที่มักจะเลือกมีและดูแลทั้งบ้านเล็กและบ้านใหญ่)
783,後ろ指を差す,うしろゆびをさす,นินทาลับหลัง
784,うざがる,うざがる,(มาจาก うざい กับ がる) รู้สึกรำคาญ 
785,売上税,うりあげぜい,"Sales Tax, ภาษีขาย"
786,売り指値、呼値,うりさしね、よびね,ราคาเสนอขาย
787,薄板,うすいた,แผ่นบางๆ แผ่นรอง
788,薄板成形,うすいたせいけい,การขึ้นรูปโลหะแผ่น (Sheet Metal Forming)
789,浮き輪,うきわ,ห่วงยาง
790,上辺だけの付き合い、関係,うわべだけのつきあい、かんけい,ความสัมพันธ์แบบผิวเผินกัน
791,嬉しそうな態度,うれしそうなたいど,มีทีท่าดีใจ
792,ウインウイン,ういんういん,วินวิน Winwin ได้ทั้งสองฝ่าย
793,浮気性,うわきしょう,หลายใจ เจ้าชู้
794,撃ち合う,うちあう,ดวลปืน ยิงปืนใส่กัน ปะทะกันด้วยอาวุธปืน
795,憂さを晴らす,うさをばらす,คลาดเคลียด แก้ทุกข์
796,ウレタンシート,うれたんしーと,"ยูรีเทนชีท
"
797,上歯,うわば,ฟันบน
798,内踝,うちくるぶし,ตาตุ่มใน
799,打たれ弱い,うたれよわい,ไม่ทน ไม่สู้ รับแรงกดดันได้น้อย 
800,後ろ蹴り,うしろけり,ถีบหลัง แบ๊คคิก 
801,生まれ変わり,うまれかわり,1. เกิดใหม่ กลับชาติมาเกิด 2. ตายแล้วเกิดใหม่ (ชีวิตเปลี่ยนไปจากเดิมอย่างสิ้นเชิง)
802,薄切り,うすぎり,หั่นบาง หั่นชิ้นบาง
803,器が大きい,うつわがおおきい,ใจกว้าง 
804,後ろから抱きしめる,うしろからだきしめる,โอบกอดจากด้านหลัง
805,浮き,うき,การโก่งลอย
806,売り上げ手数料,うりあげてすうりょう,ค่าธรรมเนียมที่คิดจากยอดขาย
807,うだる,うだる,"โซซัดโซเซ,อ่อนแรง,หมดแรง"
808,うねりを作る,うねりをつくる,สร้างเกลียวคลื่น สร้างกระแสขึ้น สร้างปรากฏการณ์ขึ้น (wave motion)
809,鶉の卵,うずらのたまご,ไข่นกกระทา
810,売上金額,うりあげきんがく,ยอดขาย
811,運河船,うんがせん,"เรือสำหรับแล่นตามคลอง,เรือที่มีลักษณะแคบและยาวใช้แล่นในคลอง"
812,裏稼業,うらかぎょう,ทำงานใต้ดิน (โดยมากเป็นธุรกิจมืด)
813,宇宙線,うちゅうせん,รังสีคอสมิก
814,蟒蛇,うわばみ,"งูยักษ์, งูหลาม, งูเหลือม"
815,植木箱,うえきばこ,กระถางดอกไม้หรือต้นไม้ที่เป็นกล่องแคบๆ มักวางไว้ข้างหน้าต่าง
816,謳い文句,うたいもんく,คำพูดเชิญชวน คำโฆษณา
817,鱗,うろこ,เกล็ดปลา
818,魚心あれば水心,うおごころあればみずごころ ,เอาใจใส่และคิดถึงความต้องการของกันและกัน เอาใจเขามาใส่ใจเรา
819,嘘から出た実,うそからでたまこと,เรื่องที่พูดโกหกหรือพูดเล่นๆ แต่กลับกลายเป็นจริงตามที่พูด
820,売りに走る動き,うりにはしるうごき,ขยับขาย มีความเคลื่อนไหวในลักษณะเทขาย
821,鵜の真似をする烏,うのまねをするからす ,การเลียนแบบหรือตามอย่างผู้อื่น โดยไม่คำนึงถึงความสามารถของตน ย่อมทำให้เกิดความผิดพลาดได้
822,有無を言わさず,うむをいわさず,"โดยไม่ให้เลือก,จะสมัครใจหรือไม่ก็ตาม "
823,有無を言わせず,うむをいわせず,"โดยไม่ให้เลือก,จะสมัครใจหรือไม่ก็ตาม "
824,薄汚い,うすぎたない,มอซอ (การแต่งตัวมอซอ)
825,請負作業,うけおいさぎょう,งานรับเหมา
826,ウーリースピン,ううりいすぴん,การเย็บโพ้งริม เป็นการเย็บแบบกันรุ่ย 
827,ウーリースピンテープ,ううりいすぴんてえぷ,ผ้าที่เย็บไว้ไม่ให้เสื้อยืดหรือย่น
828,薄型テレビ,うすがたテレビ,โทรทัศน์จอแบน
829,薄型,うすがた,"บาง,แบน"
830,雨後の筍,うごのたけのこ,ผุดขึ้นเป็นดอกเห็ด
831,卯月,うづき,เดือน 4 ในปฏิทินตามจันทรคติ
832,運転資本,うんてんしほん,เงินทุนหมุนเวียน (Working Capital :WC)
833,運転資金,うんてんしきん,เงินทุนหมุนเวียน (Working Capital :WC)
834,恨めしや,うらめしや,คำพูดที่ภูตผี วิญญาณพูดด้วยความเคียดแค้นตอนเจอมนุษย์
835,馬乗りになる,うまのりになる,ขึ้นคร่อม (ท่าขี่ม้า)
836,売り掛け・売掛,うりかけ,การขายเงินเชื่อ
837,埋め合わせる,うめあわせる,ชดเชย แก้ไข
838,上手投げ,うわてなげ,ท่าจับทุ่ม ในกีฬาซูโม่
839,閏年,うるうどし,ปีที่เดือนกุมภาพันธ์มี 29 วัน (4 ปีมีครั้ง)
840,売上アップ,うりあげアップ,ยอดขายเพิ่มขึ้น
841,売り専,うりせん,บาร์เกย์ที่มีขายบริการทางเพศ
842,売り専ボーイ,うりせんボーイ,บาร์เกย์ที่มีขายบริการทางเพศ
843,腕捲くり,うでまくり,การพับแขนเสื้อขึ้น
844,上ヒゲ,うえひげ,ไส้เทียนส่วนบน(กราฟแท่งเทียนของหุ้น)
845,運航,うんこう,บังคับ (เครื่องบิน/เรือ)
846,運営会社,うんえいがいしゃ,บริษัทที่ควบคุมดูแล
847,運行ルート,うんこうるーと,เส้นทางเดินรถ
848,初陣,ういじん,"ศึกแรก,เกมแรก,การต่อสู้ครั้งแรก"
849,運動神経,うんどうしんけい,พรสวรรค์ในการเล่นกีฬา 
850,ウイルス感染,ういるすかんせん,การระบาดของโรคไวรัส
851,渦潮,うずしお,คลื่นน้ำวน whirling tides
852,宇宙機関,うちゅうきかん,"หน่วยงานด้านอวกาศ
space agency"
853,映りがいい,うつりがいい,ถ่ายรูปขึ้น
854,内湯,うちゆ,บ่อน้ำร้อนในโรงแรง หรือ ในที่พัก
855,売れ切れ御免・売切御免,うれきれごめん,1ต้องขอโทษด้วยสินค้าได้ขายหมดแล้ว 2.ช้าอดหมด หมดแล้วหมดเลย
856,売れ切れお礼,うれきれおれい,ขอบคุณสำหรับการอุดหนุนจนสินค้าขายหมด
857,受け子,うけこ,ผู้ที่ทำหน้าที่รับ ผู้รับ
858,売上総額,うりあげそうがく,ยอดขายรวม
859,運動員,うんどういん,1.หัวคะแนน 2.ทีมปฏิบัติงาน(เพื่อวัตถุประสงค์ขององค์กร)
860,運動員買収,うんどういんばいしゅう,การซื้อหัวคะแนน
861,討ち死・討死,うちじに,1.ถูกยิงตาย หรือ ตายในสนามรบ การต่อสู้ 2.ใช้ในรูป ~と討ち死にする หมายถึง ทุ่มถวายหัว สู้ตาย
862,運試しをする,うんだめしをする,"เสี่ยงโชค,เสี่ยงดวง,เสี่ยงทาย"
863,上振れ,うわぶれ,การสูงกว่าการคาดการณ์ สูงเกินคาด
864,売りシグナル,うりシグナル,สัญญาณขาย
865,汝等・己等,うぬら,แก พวกนาย พวกแก พวกมรึง (คำเรียกสรรพนามบุรุษที่สองแบบไม่สุภาพ)
866,運転経歴証明書,うんてんけいれきしょうめいしょ,ใบรับรองประวัติการขับขี่
867,器じゃない,うつわじゃない,ไม่มีคุณสมบัติ ไม่เหมาะสม (ที่จะเป็น หรือ รับตำแหน่งนั้นๆ)
868,薄茶,うすちゃ,การชงชาแบบอ่อน(ในพิธีชงชานิยมดื่มชาแบบนี้คนเดียวโดยใช้ภาชนะขนาดเล็กใส่)
869,うっせー,うっせー,หนวกหู น่ารำคาญ (มาจากคำว่า うるさい)
870,ウエスト調整,うえすとちょうせい,แก้เอว (แก้ทรงเอง แก้ขนาดเอว)
871,薄消し,うすけし,เซ็นเซอร์บาง
872,海ぶどう,うみぶどう,สาหร่ายพวงองุ่น (อุมิบุโด)
873,唸りを上げる,うなりをあげる,"โหยหวน,ร้องคร่ำครวญ,คำราม"
874,噂で買って事実で売れ,うわさでかってじじつでうれ,"ศัพท์วงการหุ้น หมายถึง ขายตอนมีข่าวลือซื้อตอนมีข่าวจริง (Buy the rumor, sell the fact)"
875,噂で買ってニュースで売れ,うわさでかってにゅーすでうれ,"ศัพท์หุ้น หมายถึง ซื้อตอนข่าวลือ ขายตอนข่าวดี (Buy the rumor, sell the news)"
876,上抜く,うわぬく,ศัพท์หุ้น ทะลุแนวต้านขึ้นไป เบรคขึ้นไป (Break out)
877,裏引き,うらびき,การแอบดีล หรือ ซื้อขายตรงกับลูกค้าโดยไม่ผ่านคนกลาง
878,打ち子,うちこ,เด็กเชียร์แขก(ผู้ชาย)
879,恨みつらみ・恨み辛み,うらみつらみ,ความแค้นที่สั่งสมมา 
880,売りのタイミング,うりのたいみんぐ,จังหวะขาย
881,売りサイン,うりさいん,จังหวะขาย
882,馬乗り,うまのり,การขึ้นขี่ม้า การคร่อมขี่ม้า
883,上値抵抗線,うわねていこうせん,เส้นแนวต้านของราคากรอบบน(ศัพท์หุ้น)
884,上影,うわかげ,ไส้บนของแท่งเทียน(ศัพท์หุ้น)
885,上影陽線,うわかげようせん,กราฟทรงแท่งเทียนบวกที่มีไส้ส่วนบนยาว
886,上影陰線,うわかげいんせん,กราฟทรงแท่งเทียนลบที่มีไส้ส่วนบนยาว(ศัพท์หุ้น)
887,売り起点,うりきてん,จุดขาย (ศัพท์หุ้น)
888,埋め込む,うめこむ,1.ฝัง ติดตั้งเข้าไป 2.ฝัง โหลดเข้าไป(โปรแกรม หรือ ฟังค์ชั่น) 
889,嘘っぱち,うそっぱち,โกหกโดยสิ้นเชิง โกหกสิ้นดี
890,運動音痴,うんどうおんち,ไม่มีเซนส์เรื่องการออกกำลังกาย 
891,嘘偽りなく,うそいつわりなく,โดยไม่โกหก
892,ウン,うん,เสียงคราง อือ โอ้ว
893,ウンと言う,うんという,ร้องคราง อื้อ โอ้ว
894,売れ行き不振,うれゆきふしん,ยอดขายไม่แน่นอน ยอดขายไม่นิ่ง
895,噂が立つ•噂がたつ,うわさがたつ,มีข่าวลือ เป็นที่ร่ำลือ
896,噂が流れる,うわさがながれる,มีข่าวลือ เป็นที่ร่ำลือ
897,噂が広がる,うわさがひろがる,มีข่าวลือไปทั่ว เป็นที่ร่ำลือไปทั่ว
898,雨水管,うすいかん,ท่อน้ำฝน
899,上擦った声,うわずったこえ,เสียงตื่นตะหนก เสียงตื่นตกใจ
900,腕を切る,うでをきる,กรีดข้อมือตัวเอง ทำร้ายตัวเอง
901,運が開ける,うんがひらける,ได้โชคลาภ 
902,浮御堂,うきみどう,ศาลายื่นน้ำ ukimido
903,右往曲折,うおうきょくせつ,ซ้ายทีขวาที นั่นทีโน่นที
904,鰻登り・鰻上り,うなぎのぼり,(ราคา ปริมาณ หรือ ทรงกราฟ) ขึ้นแรง ขาขึ้น
905,上乗せ額,うわのせがく,ราคาที่ชารต์เพิ่มเข้าไป ราคาที่บวกเพิ่มเข้าไป
906,上放れ,うわっぱなれ・うわばなれ,(ราคาหุ้น) พุ่งขึ้น โดยมากใช้ตอนทะลุพุ่งผ่านแนวต้านสำคัญ
907,上放れる,うわばなれる・うわっぱなれる,(ราคาหุ้น) พุ่งขึ้น โดยมากใช้ตอนทะลุพุ่งผ่านแนวต้านสำคัญ
908,嘘ニュース,うそニュース,ข่าวลวง ข่าวโกหก
909,馬には乗ってみよ人には添うてみよ,うまにはのってみよひとにはそうてみよ,ของทุกอย่าง ถ้าไม่ลองก็ไม่รู้ เรื่องที่ไม่ควรตัดสินง่ายๆว่าดีหรือไม่ดี ทั้งที่ยังไม่เคยลอง
910,宇宙工学者,うちゅうこうがくしゃ,วิศวกรอวกาศ
911,写し取る,うつしとる,1.เขียน หรือ วาดตามแบบ วาดก๊อปตาม 2.ก๊อป ทำตาม ลอกเลียน
912,腕がいい,うでがいい,ฝีมือดี 
913,腕を上げる,うでをあげる,พัฒนาฝีมือ 
914,嘘くさい・嘘臭い,うそくさい,ดูลวงๆ ดูเหมือนโกหก โกหกไม่เนียน 
915,上ヒゲ足,うえひげあし,ไส้เทียนส่วนบน(กราฟแท่งเทียนของหุ้น)
916,ウニ状態,うにじょうたい,จิตใจสับสนวุ่นวาย สมองว้าวุ่น
917,受け取り口座・受取口座,うけとりこうざ,บัญชีรับเงิน
918,恨み節・怨み節,うらみぶし,1.เนื้อเพลงที่ใส่ความแค้นลงไป 2.วลี คำพูดที่ใส่ความแค้นลงไป 
919,浮き彫りとなる,うきぼりとなる,ปรากฏเด่นชัดขึ้น เห็นเด่นชัดขึ้น 
920,うわあ,うわあ,ว้า โอ้โห (ใช้อุทานตอนตกใจ แปลกใจ ประหลาดใจ)
921,運行を再開する,うんこうをさいかいする,เดินรถอีกครั้ง (เช่น รถไฟ)
922,腕っぷし,うでっぷし,พลังแขน
923,腕っぷしが強い,うでっぷしがつよい,พลังแขนเยอะ แข็งแรง
924,売上戻り,うりあげもどり,การรับคืนสินค้า (sales returned)
925,運輸有限会社,うんゆゆうげんかいしゃ,บริษัท ขนส่ง จำกัด　:　บขส.
926,売り上げ低迷・売上低迷,うりあげていめい,ยอดขายตกต่ำ
927,請負人,うけおいにん,ผู้รับเหมา (contractor)
928,雲孫,うんそん,ลูกของลูกของลืด (ลูกของลืบ )
929,うざったい,うざったい,"จุกจิกน่ารําคาญ,จู้จี้"
930,うぜぇ,うぜぇ,"จุกจิกน่ารําคาญ,จู้จี้"
931,うぜえ,うぜえ,"จุกจิกน่ารําคาญ,จู้จี้"
932,"海ほたる,ウミホタル",うみほたる,หิ่งห้อยทะเล ( sea firefly )
933,裏目に出る,うらめにでる,กลับให้ผลตรงกันข้าม(กับที่คาดหวังไว้)
934,打ち分け,うちわけ,การตีได้ตามเป้า หรือ ตีได้ตามที่คิด (โดยมากใช้กับพวกกีฬากอลฟ์ เทนนิส เป็นต้น) 
935,薄青・淡青,うすあお,สีฟ้า สีท้องฟ้า
936,運転予備力,うんてんよびりょく,ไฟสำรอง กำลังไฟสำรอง
937,生れつく・生まれ付く,うまれつく,เป็นธรรมชาติ ติดตัวตั้งแต่กำเนิด เป็นตั่งแต่เกิด
938,売上債権,うりあげさいけん,ลูกหนี้ (Account Receivable)
939,受取利息,うけとりりそく,ดอกเบี้ยรับ (interest receivable)
940,売上向上 ,うりあげこうじょう,การเพิ่มยอดขาย
941,裏アカウント,うらアカウント,"แอคเคาท์ปลอม,แอคเคาท์สำรอง"
942,うにょうにょ,うにょうにょ,เหนียวเหนอะหนะ (ใช้กับน้ำเชื้ออสุจิ)
943,ウエストポーチ,うえすとぽおち,กระเป๋า Waist Pouch หรือกระเป๋ารัดเอว
944,腕の見せ所・腕の見せどころ,うでのみせどころ,จังหวะดีที่จะโชว์ฝีมือ
945,運動療法,うんどうりょうほう,การรักษาด้วยการออกกำลังกาย (Exercise therapy)
946,雲龍,うんりゅう,"มังกรผงาดฟ้า,มังกรขี่เมฆ"
947,雲龍型の土俵入り,うんりゅうがたのどひょういり,ท่ามังกรผงาดฟ้า (ท่าที่นักซูโม่ระดับสูงสุดอย่าง โยโกซุนะ รำบนเวที)
948,雨水の日,うすいのひ,วันที่ 19 กุมภาพันธ์ ซึ่งเป็นวันที่มักเริ่มประดับตุ๊กตาวันเด็กผู้หญิงก่อนถึงวันจริงที่ 3 มีนาคม
949,丑の刻参り,うしのこくまいり,พิธีกรรมสาปแช่ง ด้วยการตอกตะปูเข้าที่ตุ๊กตาฟางที่เตรียมมา
950,裏垢,うらあか,"แอคเคาท์สำรอง,แอคเคาท์ปลอม"
951,運搬役,うんぱんやく,"เด็กส่ง,คนที่ทำหน้าที่ขนส่ง"
952,運動公園,うんどうこうえん,สวนสาธารณะกลางที่ทุกคนสามารถใช้ออกกำลังกายได้
953,内股,うちまた,ต้นขาด้านใน
954,浮き袋・浮袋,うきぶくろ,กระเพาะปลา
955,売り抜ける,うりぬける,1.ขายล้างพอร์ต 2.ขายทำกำไรหมด
956,恨み言,うらみごと,"คำพูดที่เคียดแค้น,คำพูดฝังใจ"
957,打ちひしがれる・打ち拉がれる,うちひしがれる,"ผิดหวัง,เซ็ง"
958,疑り深い,うたぐりぶかい,"ขี้สงสัย,ไม่เชื่อง่ายๆ"
959,疑い深い,うたがいぶかい,"ขี้สงสัย,ไม่เชื่อง่ายๆ"
960,植込みボルト・植え込みボルト,うえこみボルト,สตัดเกลียวตลอด 
961,海猫・ウミネコ,うみねこ,นกนางนวลหางดำ (Black-tailed gull)
962,潮煮,うしおに,ซุปปลากระพงต้มเกลือ
963,潮汁,うしおじる,ซุปทะเลต้มเกลือ (น้ำสต๊อกจากอาหารทะเล)
964,上書き消去,うわがきしょうきょ,การล้างข้อมูลทับ
965,上書き保存,うわがきほぞん,"การเซฟทับ,การบันทึกซ้ำ "
966,打ち砕く,うちくだく,"1.ทุบทำลายทิ้ง,ทำลายเป็นผง,ทุบทำลายให้ย่อยยับ 2.(อธิบาย) อย่างละเอียด **โดยมากใช้ในรูป 打ち砕いて"
967,移り住む,うつりすむ,"ย้ายไปอยู่,อพยพ,ย้ายถิ่นฐานไป"
968,うつヌケ,うつヌケ,การหลุดพ้นจากอาการซึมเศร้า
969,打ち切り,うちきり,"หยุดกลางคัน,หลุดกลางทาง,จบกลางคัน"
970,嘘に嘘を重ねる,うそにうそをかさねる,โกหกซ้ำไปซ้ำมา
971,嘘に嘘を重ねた対応,うそにうそをかさねたたいおう,"มาตรการรับมือที่โกหกซ้ำไปซ้ำมา,การรับมือด้วยการโกหกซ้าไปซ้ำมา"
972,裏取り,うらどり,"การตรวจสอบข้อมูลเบื้องหลัง,การตรวจสอบข้อมูลให้แน่ใจก่อนออกอากาศ"
973,噂をすれば影,うわさをすればかげ,"ตายยาก,พอพูดถึงก็โผล่มาเลย"
974,噂をすれば影がさす,うわさをすればかげがさす,"ตายยาก,พอพูดถึงก็โผล่มาเลย"
975,ウチヒラ,うちひら,เนื้อพับใน (Top side)
976,運命共同体,うんめいきょうどうたい,"จะทุกข์จะสุขก็อยู่เคียงข้างกัน,ลงเรือลำเดียวกัน (มักใช้เวลาคนในองค์กร หรือ คนที่เป็นแฟนคลับพูด)"
977,うんこが漏れそう,うんこがもれそう,ขี้จะแตก
978,うそを見破る・嘘を見破る,うそをみやぶる,จับโกหก
979,裏ぶた,うらぶた,"ฝาท้ายนาฬิกา,ฝาหลังนาฬิกา"
980,上値が重い,うわねがおもい,"ราคาปรับตัวไม่ผ่าน,ราคาไซด์เวย์กรอบบน"
981,上値を追う,うわねをおう,"ราคาปรับตัวสูงขึ้นอีก,ราคาดีดขึ้น (ศัพท์การเงิน) "
982,雨露,うろ,ฝน และ น้ำค้าง
983,右折待ち,うせつまち,รอเลี้ยวขวา
984,受け狙い•ウケ狙い,うけねらい,"การโพส หรือ พูดโดยหวังผล,การโพส หรือ พูดเอาฮา"
985,俯き加減,うつむきかげん,"ต่ำลงนิด,ก้มต่ำลงนิด"
986,浮かない顔,うかないかお,"สีหน้าหม่นหมอง,หน้าเศร้า"
987,浮かぬ顔,うかぬかお,"สีหน้าหม่นหมอง,หน้าเศร้า"
988,肯く,うなずく,1.เห็นด้วย 2.พยักหน้า
989,うつ伏せ,うつぶせ,การนอนคว่ำ
990,窺われる,うかがわれる,"1.เห็นถึงความสามารถ หรือ คุณสมบัติพิเศษนั้นๆ 2.พูดได้ว่า,คิดได้ว่าเป็นเช่นนั้น (มักใช้กับพวกคุณสมบัติ หรือ ความสามารถต่างๆ)"
991,うんうん,うんうん,อืมๆ (รู้สึกเห็นด้วยกับคำพูดของอีกฝ่าย)
992,うんうんと,うんうんと,ครวญคราง (ทุกข์ทรมาน)
993,有無を言わせない,うむをいわせない,"ไม่ให้เลือก,ไม่ให้มีปากมีเสียง"
994,有無を言わさぬ,うむをいわさぬ,"ไม่ให้เลือก,ไม่ให้มีปากมีเสียง"
995,うろ覚え,うろおぼえ,"จำได้เลือนๆ,จำได้รางๆ"
996,疎覚え,うろおぼえ,"จำได้เลือนๆ,จำได้รางๆ"
997,空覚え,うろおぼえ,"จำได้เลือนๆ,จำได้รางๆ"
998,狼狽える,うろたえる,"1.ตื่นตระหนก,ตื่นตกใจ 2.เดินเรื่อยเปื่อย"
999,憂いなく,ういなく,"ไร้กังวล,แบบไม่คาใจ"
1000,唸り声•うなり声,うなりごえ,"1.เสียงคำราม หรือ เสียงขู่ของสัตว์ 2.เสียงโทนต่ำที่พูดออกมาตอนทุกข์ใจ ดีใจ เป็นต้น 3.เสียงโทนต่ำที่ดังลากยาว (ออกจากพวกเครื่องจักร หรือ เครื่องดนตรี) 4.เสียงร้องครวญคราง,เสียงเห่าหอนของสัตว์ "
1001,薄ら笑い•うすら笑い,うすらわらい,"รอยยิ้มแบบมีเลศนัย,ยิ้มแบบเย้ยหยัน"
1002,打ち萎れる,うちしおれる,"ไม่ร่าเริง,ห่อเหี่ยว,เปล่าเปลี่ยว,หงอยเหงา"
1003,嘘つき呼ばわり,うそつきよばわり,ถูกตราหน้าว่าเป็นคนขี้โกหก
1004,上手い具合いに•うまい具合いに,うまいぐあいに,"เข้าทาง,เข้าจังหวะ,อย่างลงตัว"
1005,羨み,うらやみ,"อิจฉา,ชิงชัง"
1006,受取賃貸料,うけとりちんたいりょう,"รายได้ค่าเช่า
"
1007,請け出す,うけだす,"ไถ่ของจำนำ
"
1008,売上を立てる•売り上げを立てる,うりあげをたてる,1.ลงยอดขาย (บัญชี) 2.ตั้งยอดขาย (ขึ้นในทางบัญชี)
1009,売上が立つ•売り上げが立つ,うりあげがたつ,1.เกิดยอดขายขึ้น (ทางบัญชี) 2.ขายของได้
1010,売りが立つ,うりがたつ,"(สภาพ) ขายของได้,เกิดยอดขาย"
1011,右肺上葉切除術,うはいじょうようせつじょじゅつ,การผัดตัดเอากลีบบนของปอดขวาออก
1012,愁う・憂う・愁う・憂う,うれう,"เป็นห่วง,กังวล"
1013,運命を受け入れる,うんめいをうけいれる,ยอมรับในโชคชะตากรรม
1014,疑ってかかる,うたがってかかる,"มีพิรุธ,น่าสงสัย"
1015,嘘をつけ,うそをつけ,"อย่ามาโกหก,อย่ามาตอแหล,ไอ้คนโกหก,อย่าพูดจาโกหกแบบนี้"
1016,嘘つけ,うそつけ,"อย่ามาโกหก,อย่ามาตอแหล,ไอ้คนโกหก,อย่าพูดจาโกหกแบบนี้"
1017,疑わしく思う,うたがわしくおもう,"ข้องใจ,เคลือบแคลง"
1018,腕が上がる•腕があがる,うでがあがる,"ฝีมือพัฒนา,เก่งขึ้น"
1019,受け,うけ,1.การรับ 2.รับ (ฝั่งรับ ในการมีเพศสัมพันธ์)
1020,打ち上げ,うちあげ,งานเลี้ยงฉลอง (หลังจบงาน หรือ โปรเจค)
1021,憂き目に遭う・憂き目にあう,うきめにあう,"ประสบเคราะห์กรรม,โชคร้าย,ประสบทุกข์ภัย"
1022,上目遣いに見る,うわめづかいにみる,ช้อนตา
1023,内股膏薬,うちまたこうやく・うちまたごうやく,"นกสองหัว,หมาสองราง,เหยียบเรือสองแคม,สองหน้า"
1024,"<a href=""/dictionary/show/76065"">鵜の目鷹の目</a>",うのめたかのめ,ตาเป็นสัปปะรด
1025,馬を水辺に連れて行くことはできても水を飲ませることはできない,うまをみずべにつれていくことはできてもみずをのませることはできない,"ข่มเขาโคขืนให้กินหญ้า,วัวไม่กินหญ้าอย่าข่มเขา,ปลูกเรือนตามใจผู้อยู่ผูกอู่ตามใจผู้นอน"
1026,ウジ虫野郎・蛆虫野郎,うじむしやろう,"ไอ้สันดานเสีย,ไอ้ชาติหมา,ไอ้ชิงหมาเกิด"
1027,浮き球,うきだま,"บอลโด่ง,บอลลอย"
1028,浮足立つ•浮き足立つ,うきあしだつ,"ใจสั่น,ขวัญเสีย,ร้อนรน,ตื่นเต้น,ขาดๆเกินๆ"
1029,浮き足立つことなく,うきあしだつことなく,"อย่างใจเย็น,อย่างแน่นิ่ง,ไม่ร้อนรน"
1030,うるさ型,うるさがた,"(คน หรือ นิสัย) ขี้บ่น,ขี้โวยวาย"
1031,腕が鳴る,うでがなる,"(อยาก) โชว์ฝีมือ,โชว์พาว,แสดงฝีมือ,คันไม้คันมือ"
1032,裏に抜ける,うらにぬける,"ทะลุหลัง,สอดหลัง"
1033,裏を突く,うらをつく,"สอดหลัง,แทงทะลุหลัง"
1034,内側半月板,うちがわはんげつばん,หมอนรองกระดูกด้านใน (Medial meniscus) 
1035,薄焼き,うすやき,"ย่างแผ่นบาง,ปิ้งบางๆ"
1036,運賃無料,うんちんむりょう,ค่าโดยสารฟรี
1037,"<a href=""/dictionary/show/77237"">打っ遣らかす</a>",うっちゃらかす,"ปล่อยทิ้งไว้,โยนทิ้งไว้,ไม่ต้องสนใจ,ลืมมันไป"
1038,鬱火病,うっかびょう•うつひびょう•ウルァビョン•ウラビョン,1.โรค Hwa-byung (เกาหลี) 2.โรคซึมเศร้า หรือ โรคโกรธจนควบคุมตนเองไม่ได้ (มักเกิดในคนเกาหลี) 
1039,疑うに足りる相当な理由がある,うたがうにたりるそうとうなりゆうがある,มีเหตุอันควรสงสัย
1040,ウ冠・ウカンムリ,うかんむり,1.บุชุ คันจิ ตัว 「宀」2.การลักทรัพย์ (ศัพท์ตำรวจ ที่มาจากตัว 窃盗)
1041,打ち破る・打破る・討ち破る・撃ち破る,うちやぶる,"1.เอาชนะ,พิชิต,ถล่ม 2.ทำลาย,ทำให้แตกสลาย"
1042,上頭,うえとう,เจ้าแคว้นในเกียวโตที่ไม่อาศัยอยู่ในที่ดินของตนเอง
1043,奪って自分の利にする,うばってじぶんのりにする,เบียดบัง (เป็นของตน)
1044,売り逃げ,うりにげ,"ชิงขายก่อน,ชิงขายทำกำไรก่อน"
1045,売り上げ不振・売上不振,うりあげふしん,ยอดขายตกต่ำ
1046,うたた寝,うたたね,"การงีบ,เผลอหลับ"
1047,移し変える,うつしかえる,"เคลื่อนย้าย,เปลี่ยนแปลง"
1048,裏ごし•裏漉し,うらごし,"1.ตะแกรงกรอง,ที่กรอง 2.บดปั้น,ร่วน (แป้ง) "
1049,羽状筋,うじょうきん,กล้ามเนื้อเรียงคล้ายขนนก (Bipennate muscle)
1050,裏前立て,うらまえたて,แบบไม่มีสาบหน้า (เสื้อเชิ๊ต)
1051,運試し,うんだめし,"การเสี่ยงโชค,เสี่ยงดวง,เสี่ยงทาย"
1052,うわべを飾る,うわべをかざる,"ทำตัวดี,ทำเป็นคนดี,ทำให้ตัวเองดูดี"
1053,自惚れ屋,うぬぼれや,"พวกหลงตัวเอง,คนหลงตัวเอง"
1054,上回る悪化予想,うわまわるあっかよそう,คาดการณ์ว่าจะแย่กว่านี้อีก
1055,産子,うぶご,1.ลูกสัตว์ 2.เด็กแรกเกิด
1056,産仔,うぶご,1.ลูกสัตว์ 2.เด็กแรกเกิด
1057,運動性エロモナス敗血症,うんどうせいエロモナスはいけつしょう,โรค Motile aeromonad disease (มักเกิดในสัตว์น้ำจืด)
1058,鱗が立つ,うろこがたつ,เกล็ดตั้ง (สัตว์น้ำ)
1059,埋め立て•埋立て•埋立,うめたて,การถมที่
1060,浮く餌,うくえさ,อาหารลอย (พวก อาหารสัตว์น้ำ)
1061,上からの圧力がある,うえからのあつりょくがある,มีแรงกดดันลงมาจากเบื้องบน
1062,運転代行,うんてんだいこう,1.การขับรถแทน 2.บริการขับรถแทน เช่น คนที่มาขับรถให้เราตอนเมา เป็นต้น
1063,運転代行サービス,うんてんだいこうサービス,บริการขับรถแทน เช่น คนที่มาขับรถให้เราตอนเมา เป็นต้น
1064,運転代行業,うんてんだいこうぎょう,ธุรกิจให้บริการขับรถแทน เช่น คนที่มาขับรถให้เราตอนเมา เป็นต้น
1065,裏ビデオ,うらビデオ,"หนังโป๊เถื่อน,หนังโป๊ใต้ดิน (ไม่เซ็นเซอร์)"
1066,ウカウカ,うかうか,"1.ประมาท,ไม่ระวัง,เลินเล่อ,ไม่รอบคอบ 2.เหม่อ,ใจลอย"
1067,右派政治思想,うはせいじしそう,"แนวคิดทางการเมืองฝ่ายขวา,อุดมการณ์ทางการเมืองอนุรักษ์นิยม"
1068,"<a href=""/dictionary/show/79741"">運動資金</a>",うんどうしきん,ทุนสนับสนุนกิจกรรมเคลื่อนไหว
1069,運転兵,うんてんへい,พลขับรถ
1070,腕組み,うでぐみ,การกอดอก
1071,運営法人,うんえいほうじん,นิติบุคคล หรือ บริษัทที่ทำหน้าที่บริหารธุรกิจ
1072,"<a href=""/dictionary/show/80073"">疑うに足りる充分な理由がある</a>",うたがうにたりるじゅうぶんなりゆうがある,มีเหตุอันควรสงสัย
1073,外郎・外良,ういろう,ขนมญี่ปุ่นเก่าแก่ขึ้นชื่อของเมือง Nagoya
1074,"<a href=""/dictionary/show/80148"">打たれ強さ</a>",うたれづよさ,"ความทนทายาด,หนังเหนียว"
1075,うるし液・漆液,つるしえき,"สีเคลือบ,วัสดุที่ใช้ทาในงานเคลือบ"
1076,うわべだけの学問,うわべだけのがくもん,"1.(คำถากถาง) รู้จักกันแต่ชื่อหนังสือ,ดังแต่ชื่อ (แต่เนื้อหาด้านในไม่มีใครรู้กันเท่าไรหรอก) 2.วิชาการปลอมๆ"
1077,薄平茸・ウスラヒラタケ,うすらひらたけ,"เห็ดนางฟ้าภูฏาน,เห็ดนางรมภูฏาน"
1078,現し身・現身,うつしみ,"ตัวเราบนโลกนี้,ตัวเราที่ยังมีชีวิตอยู่"
1079,梅リグナン,うめリグナン,ลิกแนนบ๊วย ( Lignans ) เป็นสารอาหารที่พบมากในบ๊วย มีสรรพคุณยับยั้งการเติบโตของเชื้อ H. Pylori (Helicobacter Pylori) ซึ่งเป็นเชื้อแบคทีเรียในกระเพาะอาหารที่เป็นสาเหตุหนึ่งของมะเร็งกระเพาะ
1080,受け入れ先,うけいれさき,"สถานที่รับ,สถานที่เอาลง (เช่น สิ่งของ ผู้ป่วย)"
1081,運動不足,うんどうふそく,"ออกกำลังกายไม่พอ,ออกกำลังกายน้อยไป"
1082,運用益,うんようえき,กำไรจากการบริหารสินทรัพย์
1083,運用収益,うんようしゅうえき,กำไรจากการบริหารสินทรัพย์
1084,氏より育ち,うじよりそだち,นิสัย หรือ สันดานเป็นแบบไหน ให้ดูว่า ถูกเลี้ยง หรือ โตมาแบบไหนจะเห็นได้ชัดกว่าการเป็นลูกเต้าเหล่าใคร 
1085,宇宙開発,うちゅうかいはつ,การสำรวจอวกาศ
1086,"<a href=""/dictionary/show/81371"">打ち寄せる・打寄せる・打ちよせる</a>",うちよせる,"1.ถาโถมเข้ามา,ยกทัพเข้ามา,เรียงหน้าเข้ามา  2.(คลื่น) ซัดเข้าฝั่ง 3.ควบม้าเข้าใกล้  "
1087,運鈍根,うんこんどん,การประสบความสำเร็จต้องประกอบด้วย 3 สิ่ง คือ โชค ความอดทน และ ความกล้าที่จะเผชิญหน้า
1088,運根鈍,うんこんどん,การประสบความสำเร็จต้องประกอบด้วย 3 สิ่ง คือ โชค ความอดทน และ ความกล้าที่จะเผชิญหน้า
1089,裏投げ,うらなげ,การจับทุ่มไปด้านหลัง
1090,訴え,うったえ,"1.การฟ้องร้อง,คำร้อง 2.การเรียกร้อง,แสดงเจตจำนง 3.การทำเป็น,การเรียกความเห็นใจ (โดยวิธีการ) 4.การจัดการปัญหาด้วยวิธีการเด็ดขาด 5.การกระตุ้น (ความรู้สึก หรือ สำนึก)"
1091,"<a href=""/dictionary/show/81618"">内に秘める</a>",うちにひめる,"เก็บซ่อนเร้นไว้ภายใน,เก็บในใจ"
1092,運転荒い・運転が荒い,うんてんあらい・うんてんがあらい,"ขับรถแย่,ขับรถป่าเถื่อน"
1093,"<a href=""/dictionary/show/82016"">嘘を見抜く</a>",うそをみぬく,"จับพิรุท,จับโกหก"
1094,上回転サーブ,うえかいてんサーブ,"ลูกเสริฟ์ตัดขึ้น,ลูกเสริฟ์เฉือนขึ้น,ลูกเสริฟ์ไซส์ขึ้น,ลูกเสริฟ์ปั่นขึ้น"
1095,浮き毛,うきげ,"ผมชี้,ผมยื่นชี้"
1096,宇宙旅行,うちゅうりょこう,การท่องเที่ยวอวกาศ
1097,運頼み,うんたのみ,"การพึ่งดวง,พึ่งพาดวง"
1098,後ろ盾,うしろだて,"ผู้อุปถัมภ์,คนหนุนหลัง,ผู้สนับสนุน"
1099,受け入れ病院,うけいれびょういん,โรงพยาบาลที่รับ (ผู้ป่วย)
1100,腕っ節に物を言わせる,うでっぷしにものをいわせる,"ใช้พลังแขนโชว์กร่าง,ใช้พลังแขนโชว์ศักยภาพ"
1101,疑いが持たれている,うたがいがもたれている,"ต้องสงสัย,เป็นที่สงสัยว่า"
1102,浮き名,うきな,"1.ข่าวคาว,ข่าวลือเรื่องรัก ๆ ใคร่ ๆ 2.ข่าวเสียหาย,ข่าวฉาว"
1103,運転再開,うんてんさいかい,การกลับมาให้บริการวิ่งอีกครั้ง (ของรถไฟ หรือ รถโดยสาร)
1104,運転見合わせ,うんてんみあわせ,การหยุดให้บริการวิ่งชั่วคราว หรือ การเลื่อนให้บริการ (ของรถไฟ หรือ รถโดยสาร)
1105,受入法人,うけいれほうじん,(บริษัท) นิติบุคคลที่เป็นฝ่ายรับเรื่อง หรือ รับดำเนินการ
1106,売上予測,うりあげよそく,"การคาดการณ์ยอดขาย,การประเมินยอดขาย"
1107,"<a href=""/dictionary/show/82641"">疑いなく・疑い無く</a>",うたがいなく,"อย่างแน่นอน,อย่างไร้ข้อสงสัย"
1108,運命をかける,うんめいをかける,"ตามแต่ดวง,วัดดวง,ปล่อยให้เป็นไปตามโชคชะตา"
1109,腕枕,うでまくら,"การนอนหนุนวงแขน,การใช้วงแขนทำเป็นหมอน"
1110,鬱憤を晴らす・うっぷんを晴らす,うっぷんをはらす,"ปลดปล่อยความแค้นที่อัดอั้นไว้,ระบายความอัดอั้น,ปลดปล่อยความโกรธ"
1111,生まれ年,うまれどし,ปีเกิด
1112,生まれた年,うまれたとし,ปีเกิด
1113,売り逃げる,うりにげる,"ขายหนีตาย,เร่งขาย (ก่อนราคาตก)"
1114,雨線,うせん,"แถบฝน,แถบเมฆฝน (Rainbands)"
1115,雨線外,うせんがい,แถบเมฆฝนด้านนอก (Outer rainband)
1116,雨線内,うせんない,แถบเมฆฝนด้านใน (Inside rainband)
1117,"<a href=""/dictionary/show/83141"">浮かばれない</a>",うかばれない,"ไม่ได้ไปผุดไปเกิด,ไม่ได้ไปสู่สุขติ,วนเวียนในโลกไม่ได้ไปผุดไปเกิด (วิญญาณ)"
1118,右心不全,うしんふぜん,ภาวะหัวใจห้องล่างขวาล้มเหลว (Right-sided heart failure)
1119,嘘を言え,うそをいえ,"ยังจะมาโกหกอีก,ยังจะพูดโกหกอีก,ยังจะตอแหลอีก,ยังแถอีก "
1120,うそ吐け・嘘吐け・嘘をつけ・嘘を吐け,うそつけ・うそをつけ,"ยังจะมาโกหกอีก,ยังจะพูดโกหกอีก,ยังจะตอแหลอีก,ยังแถอีก "
1121,売り上げが立たない,うりあげがたたない,1.ไม่เกิดยอดขายขึ้น (ทางบัญชี) 2.ขายของไม่ได้
1122,運任せ,うんまかせ,"การปล่อยไปตามดวง,การแล้วแต่โชคชะตา,ปล่อยให้ฟ้าดินเป็นผู้กำหนด"
1123,薄毛,うすげ,ผมบาง
1124,生まれつき裕福である,うまれつきゆうふくである,"เกิดบนกองเงินกองทอง,คาบช้อนเงินช้อนทองเกิด"
1125,宇宙局,うちゅうきょく,"องค์กรอวกาศ,หน่วยงานด้านอวกาศ"
1126,宇宙物理学,うちゅうぶつりがく,"ฟิสิกส์ดาราศาสตร์,ฟิสิกส์อวกาศ"
1127,宇宙物理学者,うちゅうぶつりがくしゃ,"นักฟิสิกส์ดาราศาสตร์,นักฟิสิกส์อวกาศ"
